2025-11-20 15:57:32,144 [INFO] [MainThread] [root/log.py:59]: YASB v1.8.4
2025-11-20 15:57:32,145 [INFO] [Thread-1 (_run_server)] [cli_server/cli_server.py:212]: CLI server started v1.1.3
2025-11-20 15:57:32,145 [INFO] [MainThread] [cli_server/cli_server.py:104]: Log pipe server started
2025-11-20 15:57:32,191 [INFO] [MainThread] [root/config.py:64]: Created default config file at C:\Users\fabri\.config\yasb\config.yaml
2025-11-20 15:57:32,222 [INFO] [MainThread] [root/config.py:78]: Created default stylesheet at C:\Users\fabri\.config\yasb\styles.css
2025-11-20 15:57:32,981 [DEBUG] [MainThread] [tzlocal/win32.py:55]: Looking up time zone info from registry
2025-11-20 15:57:35,576 [DEBUG] [MainThread] [comtypes/__init__.py:149]: CoInitializeEx(None, 2)
2025-11-20 15:57:36,277 [ERROR] [MainThread] [root/weather.py:60]: API key or location is missing. Please provide a valid API key and location.
2025-11-20 15:57:36,765 [INFO] [MainThread] [root/bar_manager.py:85]: Starting SystemEventListener...
2025-11-20 15:57:36,765 [INFO] [MainThread] [root/bar_manager.py:85]: Starting WindowsNotificationEventListener...
2025-11-20 15:57:36,766 [INFO] [MainThread] [root/bar_manager.py:85]: Starting KomorebiEventListener...
2025-11-20 15:57:36,767 [INFO] [MainThread] [root/watcher.py:54]: Created file watcher for path C:\Users\fabri\.config\yasb
2025-11-20 15:57:36,769 [INFO] [Dummy-5] [root/event_listener.py:51]: Created named pipe yasb-c79e4a2c-c642-11f0-b1b0-dc454698955e
2025-11-20 15:57:36,897 [INFO] [MainThread] [root/update_service.py:321]: Background update checker started
2025-11-20 15:57:36,897 [DEBUG] [MainThread] [qasync._windows._EventPoller/_windows.py:215]: Starting (proactor: <_IocpProactor overlapped#=0 result#=0>)...
2025-11-20 15:57:36,899 [DEBUG] [Dummy-8] [qasync._windows._EventWorker/_windows.py:195]: Thread started
2025-11-20 15:58:00,762 [INFO] [Thread-1 (_run_server)] [cli_server/cli_server.py:253]: CLI server received command: stop
2025-11-20 15:58:00,763 [INFO] [Thread-1 (_run_server)] [root/controller.py:35]: Exiting Application from CLI...
2025-11-20 15:58:00,867 [INFO] [Thread-1 (_run_server)] [cli_server/cli_server.py:112]: Log pipe server stopped
2025-11-20 15:58:00,867 [DEBUG] [Thread-1 (_run_server)] [cli_server/cli_server.py:206]: CLI server stopped
2025-11-20 15:58:00,956 [INFO] [MainThread] [root/bar_manager.py:92]: Stopping SystemEventListener...
2025-11-20 15:58:00,956 [INFO] [MainThread] [root/bar_manager.py:92]: Stopping WindowsNotificationEventListener...
2025-11-20 15:58:00,956 [INFO] [MainThread] [root/bar_manager.py:92]: Stopping KomorebiEventListener...
2025-11-20 15:58:00,959 [DEBUG] [MainThread] [qasync._windows._EventPoller/_windows.py:220]: Stopping worker thread...
2025-11-20 15:58:00,975 [DEBUG] [Dummy-8] [qasync._windows._EventWorker/_windows.py:204]: Exiting thread
2025-11-20 15:58:00,983 [DEBUG] [MainThread] [qasync._windows._IocpProactor/_windows.py:78]: Closing
2025-11-20 15:58:01,969 [INFO] [MainThread] [root/log.py:59]: YASB v1.8.4
2025-11-20 15:58:01,971 [INFO] [Thread-1 (_run_server)] [cli_server/cli_server.py:212]: CLI server started v1.1.3
2025-11-20 15:58:01,971 [INFO] [MainThread] [cli_server/cli_server.py:104]: Log pipe server started
2025-11-20 15:58:02,539 [DEBUG] [MainThread] [tzlocal/win32.py:55]: Looking up time zone info from registry
2025-11-20 15:58:02,714 [DEBUG] [MainThread] [comtypes/__init__.py:149]: CoInitializeEx(None, 2)
2025-11-20 15:58:03,766 [INFO] [MainThread] [core.utils.widgets.taskbar.window_manager/window_manager.py:191]: TaskbarWindowManager is starting...
2025-11-20 15:58:03,769 [INFO] [MainThread] [root/bar_manager.py:85]: Starting WindowsNotificationEventListener...
2025-11-20 15:58:03,770 [INFO] [MainThread] [root/watcher.py:54]: Created file watcher for path C:\Users\fabri\.config\yasb
2025-11-20 15:58:03,822 [INFO] [MainThread] [root/update_service.py:321]: Background update checker started
2025-11-20 15:58:03,822 [DEBUG] [MainThread] [qasync._windows._EventPoller/_windows.py:215]: Starting (proactor: <_IocpProactor overlapped#=0 result#=0>)...
2025-11-20 15:58:03,824 [DEBUG] [Dummy-5] [qasync._windows._EventWorker/_windows.py:195]: Thread started
2025-11-20 15:58:06,400 [DEBUG] [MainThread] [systray_widget/systray.py:549]: Loading state from C:\Users\fabri\AppData\Local\YASB\systray_state_DELLINCDELLP2723QE9J3LM54.json
2025-11-20 15:58:06,400 [DEBUG] [MainThread] [systray_widget/systray.py:559]: State file not found.
2025-11-20 15:58:06,406 [DEBUG] [TrayMonitor] [systray_widget/systray.py:58]: Systray thread is starting...
2025-11-20 15:58:06,407 [DEBUG] [TaskbarService] [systray_widget/systray.py:72]: TaskbarService thread is starting...
2025-11-20 15:58:06,421 [DEBUG] [TaskbarService] [root/tasks_service.py:75]: Found yasb systray hwnd: 527238
2025-11-20 15:58:06,421 [DEBUG] [TaskbarService] [systray_widget/tasks_service.py:81]: Adding TaskbandHWND prop to hwnd 527238
2025-11-20 15:58:06,445 [DEBUG] [MainThread] [systray_widget/systray.py:298]: Systray thread started
2025-11-20 15:58:06,497 [INFO] [MainThread] [root/api.py:69]: Fetching new weather data at 2025-11-20 15:58:06.497841
2025-11-20 15:58:06,537 [DEBUG] [TrayMonitor] [systray_widget/tray_monitor.py:228]: Finding real tray hwnd
2025-11-20 15:58:06,647 [DEBUG] [TaskbarService] [systray_widget/tasks_service.py:81]: Adding TaskbandHWND prop to hwnd 527238
2025-11-20 15:58:06,663 [DEBUG] [MainThread] [systray_widget/tray_monitor.py:154]: Sending TaskbarCreated message: 49253
2025-11-20 15:58:09,063 [DEBUG] [MainThread] [systray_widget/systray.py:487]: Re-sorting widgets
2025-11-20 15:58:09,063 [DEBUG] [MainThread] [systray_widget/systray.py:509]: Updating current state
2025-11-20 15:58:16,112 [DEBUG] [MainThread] [systray_widget/systray.py:487]: Re-sorting widgets
2025-11-20 15:58:16,113 [DEBUG] [MainThread] [systray_widget/systray.py:509]: Updating current state
2025-11-20 15:58:47,228 [INFO] [MainThread] [root/controller.py:15]: Reloading Bar from context menu...
2025-11-20 15:58:47,335 [INFO] [MainThread] [cli_server/cli_server.py:112]: Log pipe server stopped
2025-11-20 15:58:47,336 [DEBUG] [MainThread] [cli_server/cli_server.py:206]: CLI server stopped
2025-11-20 15:58:47,437 [INFO] [MainThread] [root/bar_manager.py:92]: Stopping WindowsNotificationEventListener...
2025-11-20 15:58:47,438 [INFO] [MainThread] [core.utils.widgets.taskbar.window_manager/window_manager.py:218]: TaskbarWindowManager stopped
2025-11-20 15:58:47,443 [DEBUG] [MainThread] [systray_widget/systray.py:509]: Updating current state
2025-11-20 15:58:47,443 [DEBUG] [MainThread] [systray_widget/systray.py:527]: Saving state to disk
2025-11-20 15:58:47,444 [DEBUG] [MainThread] [systray_widget/systray.py:531]: Saving state to C:\Users\fabri\AppData\Local\YASB\systray_state_DELLINCDELLP2723QE9J3LM54.json
2025-11-20 15:58:47,444 [DEBUG] [MainThread] [systray_widget/systray.py:539]: State file not found.
2025-11-20 15:58:47,445 [DEBUG] [MainThread] [systray_widget/utils.py:96]: Destroying window 527238
2025-11-20 15:58:47,446 [DEBUG] [MainThread] [systray_widget/utils.py:96]: Destroying window 2558758
2025-11-20 15:58:47,513 [DEBUG] [MainThread] [qasync._windows._EventPoller/_windows.py:220]: Stopping worker thread...
2025-11-20 15:58:47,526 [DEBUG] [Dummy-5] [qasync._windows._EventWorker/_windows.py:204]: Exiting thread
2025-11-20 15:58:47,532 [DEBUG] [MainThread] [qasync._windows._IocpProactor/_windows.py:78]: Closing
2025-11-20 15:58:47,595 [DEBUG] [MainThread] [systray_widget/utils.py:96]: Destroying window 2558758
2025-11-20 15:58:47,596 [DEBUG] [MainThread] [systray_widget/utils.py:96]: Destroying window 527238
2025-11-20 15:58:47,714 [INFO] [MainThread] [root/log.py:59]: YASB v1.8.4
2025-11-20 15:58:47,715 [INFO] [Thread-1 (_run_server)] [cli_server/cli_server.py:212]: CLI server started v1.1.3
2025-11-20 15:58:47,715 [INFO] [MainThread] [cli_server/cli_server.py:104]: Log pipe server started
2025-11-20 15:58:47,942 [DEBUG] [MainThread] [tzlocal/win32.py:55]: Looking up time zone info from registry
2025-11-20 15:58:48,109 [DEBUG] [MainThread] [comtypes/__init__.py:149]: CoInitializeEx(None, 2)
2025-11-20 15:58:48,816 [INFO] [MainThread] [core.utils.widgets.taskbar.window_manager/window_manager.py:191]: TaskbarWindowManager is starting...
2025-11-20 15:58:48,820 [INFO] [MainThread] [root/bar_manager.py:85]: Starting WindowsNotificationEventListener...
2025-11-20 15:58:48,821 [INFO] [MainThread] [root/watcher.py:54]: Created file watcher for path C:\Users\fabri\.config\yasb
2025-11-20 15:58:48,858 [INFO] [MainThread] [root/update_service.py:321]: Background update checker started
2025-11-20 15:58:48,858 [DEBUG] [MainThread] [qasync._windows._EventPoller/_windows.py:215]: Starting (proactor: <_IocpProactor overlapped#=0 result#=0>)...
2025-11-20 15:58:48,859 [DEBUG] [Dummy-5] [qasync._windows._EventWorker/_windows.py:195]: Thread started
2025-11-20 15:58:48,980 [DEBUG] [MainThread] [systray_widget/systray.py:549]: Loading state from C:\Users\fabri\AppData\Local\YASB\systray_state_DELLINCDELLP2723QE9J3LM54.json
2025-11-20 15:58:48,988 [DEBUG] [TaskbarService] [systray_widget/systray.py:72]: TaskbarService thread is starting...
2025-11-20 15:58:48,988 [DEBUG] [TrayMonitor] [systray_widget/systray.py:58]: Systray thread is starting...
2025-11-20 15:58:49,001 [DEBUG] [TaskbarService] [root/tasks_service.py:75]: Found yasb systray hwnd: 265132
2025-11-20 15:58:49,001 [DEBUG] [TaskbarService] [systray_widget/tasks_service.py:81]: Adding TaskbandHWND prop to hwnd 265132
2025-11-20 15:58:49,013 [DEBUG] [MainThread] [systray_widget/systray.py:298]: Systray thread started
2025-11-20 15:58:49,216 [DEBUG] [TaskbarService] [systray_widget/tasks_service.py:81]: Adding TaskbandHWND prop to hwnd 265132
2025-11-20 15:58:49,217 [DEBUG] [TrayMonitor] [systray_widget/tray_monitor.py:228]: Finding real tray hwnd
2025-11-20 15:58:49,234 [DEBUG] [MainThread] [systray_widget/tray_monitor.py:154]: Sending TaskbarCreated message: 49253
2025-11-20 15:58:49,283 [INFO] [MainThread] [root/api.py:69]: Fetching new weather data at 2025-11-20 15:58:49.282978
2025-11-20 15:58:50,251 [DEBUG] [MainThread] [systray_widget/systray.py:487]: Re-sorting widgets
2025-11-20 15:58:50,251 [DEBUG] [MainThread] [systray_widget/systray.py:509]: Updating current state
2025-11-20 15:58:53,066 [DEBUG] [MainThread] [systray_widget/systray.py:487]: Re-sorting widgets
2025-11-20 15:58:53,066 [DEBUG] [MainThread] [systray_widget/systray.py:509]: Updating current state
2025-11-20 15:58:58,430 [DEBUG] [MainThread] [systray_widget/systray.py:487]: Re-sorting widgets
2025-11-20 15:58:58,431 [DEBUG] [MainThread] [systray_widget/systray.py:509]: Updating current state
2025-11-20 16:08:48,378 [INFO] [MainThread] [root/api.py:69]: Fetching new weather data at 2025-11-20 16:08:48.378318
2025-11-20 16:18:48,389 [INFO] [MainThread] [root/api.py:69]: Fetching new weather data at 2025-11-20 16:18:48.389903
2025-11-20 16:27:29,600 [INFO] [MainThread] [root/controller.py:35]: Exiting Application from tray...
2025-11-20 16:27:29,715 [INFO] [MainThread] [cli_server/cli_server.py:112]: Log pipe server stopped
2025-11-20 16:27:29,715 [DEBUG] [MainThread] [cli_server/cli_server.py:206]: CLI server stopped
2025-11-20 16:27:29,779 [INFO] [MainThread] [root/bar_manager.py:92]: Stopping WindowsNotificationEventListener...
2025-11-20 16:27:29,780 [INFO] [MainThread] [core.utils.widgets.taskbar.window_manager/window_manager.py:218]: TaskbarWindowManager stopped
2025-11-20 16:27:29,785 [DEBUG] [MainThread] [systray_widget/systray.py:509]: Updating current state
2025-11-20 16:27:29,785 [DEBUG] [MainThread] [systray_widget/systray.py:527]: Saving state to disk
2025-11-20 16:27:29,786 [DEBUG] [MainThread] [systray_widget/systray.py:531]: Saving state to C:\Users\fabri\AppData\Local\YASB\systray_state_DELLINCDELLP2723QE9J3LM54.json
2025-11-20 16:27:29,788 [DEBUG] [MainThread] [systray_widget/utils.py:96]: Destroying window 265132
2025-11-20 16:27:29,823 [DEBUG] [MainThread] [systray_widget/utils.py:96]: Destroying window 265410
2025-11-20 16:27:29,907 [DEBUG] [MainThread] [qasync._windows._EventPoller/_windows.py:220]: Stopping worker thread...
2025-11-20 16:27:29,918 [DEBUG] [Dummy-5] [qasync._windows._EventWorker/_windows.py:204]: Exiting thread
2025-11-20 16:27:29,922 [DEBUG] [MainThread] [qasync._windows._IocpProactor/_windows.py:78]: Closing
2025-11-20 16:27:29,949 [DEBUG] [MainThread] [systray_widget/utils.py:96]: Destroying window 265410
2025-11-20 16:27:29,950 [DEBUG] [MainThread] [systray_widget/utils.py:96]: Destroying window 265132
2025-11-21 11:26:34,994 [INFO] [MainThread] [root/log.py:59]: YASB v1.8.4
2025-11-21 11:26:34,996 [INFO] [Thread-1 (_run_server)] [cli_server/cli_server.py:212]: CLI server started v1.1.3
2025-11-21 11:26:34,996 [INFO] [MainThread] [cli_server/cli_server.py:104]: Log pipe server started
2025-11-21 11:26:37,550 [DEBUG] [MainThread] [tzlocal/win32.py:55]: Looking up time zone info from registry
2025-11-21 11:26:37,907 [DEBUG] [MainThread] [comtypes/__init__.py:149]: CoInitializeEx(None, 2)
2025-11-21 11:26:38,942 [INFO] [MainThread] [core.utils.widgets.taskbar.window_manager/window_manager.py:191]: TaskbarWindowManager is starting...
2025-11-21 11:26:38,945 [INFO] [MainThread] [root/bar_manager.py:85]: Starting WindowsNotificationEventListener...
2025-11-21 11:26:38,945 [INFO] [MainThread] [root/watcher.py:54]: Created file watcher for path C:\Users\fabri\.config\yasb
2025-11-21 11:26:38,995 [INFO] [MainThread] [root/update_service.py:321]: Background update checker started
2025-11-21 11:26:38,995 [DEBUG] [MainThread] [qasync._windows._EventPoller/_windows.py:215]: Starting (proactor: <_IocpProactor overlapped#=0 result#=0>)...
2025-11-21 11:26:38,996 [DEBUG] [Dummy-5] [qasync._windows._EventWorker/_windows.py:195]: Thread started
2025-11-21 11:26:41,215 [DEBUG] [MainThread] [systray_widget/systray.py:549]: Loading state from C:\Users\fabri\AppData\Local\YASB\systray_state_DELLINCDELLP2723QE9J3LM54.json
2025-11-21 11:26:41,228 [DEBUG] [TaskbarService] [systray_widget/systray.py:72]: TaskbarService thread is starting...
2025-11-21 11:26:41,228 [DEBUG] [TrayMonitor] [systray_widget/systray.py:58]: Systray thread is starting...
2025-11-21 11:26:41,234 [DEBUG] [TaskbarService] [root/tasks_service.py:75]: Found yasb systray hwnd: 67406
2025-11-21 11:26:41,234 [DEBUG] [TaskbarService] [systray_widget/tasks_service.py:81]: Adding TaskbandHWND prop to hwnd 67406
2025-11-21 11:26:41,254 [DEBUG] [MainThread] [systray_widget/systray.py:298]: Systray thread started
2025-11-21 11:26:41,456 [DEBUG] [TaskbarService] [systray_widget/tasks_service.py:81]: Adding TaskbandHWND prop to hwnd 67406
2025-11-21 11:26:41,456 [DEBUG] [TrayMonitor] [systray_widget/tray_monitor.py:228]: Finding real tray hwnd
2025-11-21 11:26:41,485 [DEBUG] [MainThread] [systray_widget/tray_monitor.py:154]: Sending TaskbarCreated message: 49255
2025-11-21 11:26:41,508 [INFO] [MainThread] [root/api.py:69]: Fetching new weather data at 2025-11-21 11:26:41.508042
2025-11-21 11:26:45,517 [DEBUG] [MainThread] [systray_widget/systray.py:487]: Re-sorting widgets
2025-11-21 11:26:45,517 [DEBUG] [MainThread] [systray_widget/systray.py:509]: Updating current state
2025-11-21 11:26:46,521 [DEBUG] [MainThread] [systray_widget/systray.py:487]: Re-sorting widgets
2025-11-21 11:26:46,522 [DEBUG] [MainThread] [systray_widget/systray.py:509]: Updating current state
2025-11-21 11:26:50,545 [DEBUG] [MainThread] [systray_widget/systray.py:487]: Re-sorting widgets
2025-11-21 11:26:50,546 [DEBUG] [MainThread] [systray_widget/systray.py:509]: Updating current state
2025-11-21 11:29:46,848 [INFO] [MainThread] [root/controller.py:15]: Reloading Bar from context menu...
2025-11-21 11:29:46,959 [INFO] [MainThread] [cli_server/cli_server.py:112]: Log pipe server stopped
2025-11-21 11:29:46,959 [DEBUG] [MainThread] [cli_server/cli_server.py:206]: CLI server stopped
2025-11-21 11:29:47,050 [INFO] [MainThread] [root/bar_manager.py:92]: Stopping WindowsNotificationEventListener...
2025-11-21 11:29:47,052 [INFO] [MainThread] [core.utils.widgets.taskbar.window_manager/window_manager.py:218]: TaskbarWindowManager stopped
2025-11-21 11:29:47,054 [DEBUG] [MainThread] [systray_widget/systray.py:509]: Updating current state
2025-11-21 11:29:47,054 [DEBUG] [MainThread] [systray_widget/systray.py:527]: Saving state to disk
2025-11-21 11:29:47,054 [DEBUG] [MainThread] [systray_widget/systray.py:531]: Saving state to C:\Users\fabri\AppData\Local\YASB\systray_state_DELLINCDELLP2723QE9J3LM54.json
2025-11-21 11:29:47,055 [DEBUG] [MainThread] [systray_widget/utils.py:96]: Destroying window 67406
2025-11-21 11:29:47,056 [DEBUG] [MainThread] [systray_widget/utils.py:96]: Destroying window 67404
2025-11-21 11:29:47,078 [DEBUG] [MainThread] [qasync._windows._EventPoller/_windows.py:220]: Stopping worker thread...
2025-11-21 11:29:47,091 [DEBUG] [Dummy-5] [qasync._windows._EventWorker/_windows.py:204]: Exiting thread
2025-11-21 11:29:47,099 [DEBUG] [MainThread] [qasync._windows._IocpProactor/_windows.py:78]: Closing
2025-11-21 11:29:47,131 [DEBUG] [MainThread] [systray_widget/utils.py:96]: Destroying window 67404
2025-11-21 11:29:47,131 [DEBUG] [MainThread] [systray_widget/utils.py:96]: Destroying window 67406
2025-11-21 11:29:47,318 [INFO] [MainThread] [root/log.py:59]: YASB v1.8.4
2025-11-21 11:29:47,319 [INFO] [Thread-1 (_run_server)] [cli_server/cli_server.py:212]: CLI server started v1.1.3
2025-11-21 11:29:47,319 [INFO] [MainThread] [cli_server/cli_server.py:104]: Log pipe server started
2025-11-21 11:29:47,501 [DEBUG] [MainThread] [tzlocal/win32.py:55]: Looking up time zone info from registry
2025-11-21 11:29:47,683 [DEBUG] [MainThread] [comtypes/__init__.py:149]: CoInitializeEx(None, 2)
2025-11-21 11:29:48,175 [INFO] [MainThread] [core.utils.widgets.taskbar.window_manager/window_manager.py:191]: TaskbarWindowManager is starting...
2025-11-21 11:29:48,177 [INFO] [MainThread] [root/bar_manager.py:85]: Starting WindowsNotificationEventListener...
2025-11-21 11:29:48,179 [INFO] [MainThread] [root/watcher.py:54]: Created file watcher for path C:\Users\fabri\.config\yasb
2025-11-21 11:29:48,215 [INFO] [MainThread] [root/update_service.py:321]: Background update checker started
2025-11-21 11:29:48,215 [DEBUG] [MainThread] [qasync._windows._EventPoller/_windows.py:215]: Starting (proactor: <_IocpProactor overlapped#=0 result#=0>)...
2025-11-21 11:29:48,216 [DEBUG] [Dummy-5] [qasync._windows._EventWorker/_windows.py:195]: Thread started
2025-11-21 11:29:48,330 [DEBUG] [MainThread] [systray_widget/systray.py:549]: Loading state from C:\Users\fabri\AppData\Local\YASB\systray_state_DELLINCDELLP2723QE9J3LM54.json
2025-11-21 11:29:48,336 [DEBUG] [TrayMonitor] [systray_widget/systray.py:58]: Systray thread is starting...
2025-11-21 11:29:48,337 [DEBUG] [TaskbarService] [systray_widget/systray.py:72]: TaskbarService thread is starting...
2025-11-21 11:29:48,351 [DEBUG] [TaskbarService] [root/tasks_service.py:75]: Found yasb systray hwnd: 198360
2025-11-21 11:29:48,351 [DEBUG] [TaskbarService] [systray_widget/tasks_service.py:81]: Adding TaskbandHWND prop to hwnd 198360
2025-11-21 11:29:48,364 [DEBUG] [MainThread] [systray_widget/systray.py:298]: Systray thread started
2025-11-21 11:29:48,565 [DEBUG] [TaskbarService] [systray_widget/tasks_service.py:81]: Adding TaskbandHWND prop to hwnd 198360
2025-11-21 11:29:48,567 [DEBUG] [TrayMonitor] [systray_widget/tray_monitor.py:228]: Finding real tray hwnd
2025-11-21 11:29:48,587 [DEBUG] [MainThread] [systray_widget/tray_monitor.py:154]: Sending TaskbarCreated message: 49255
2025-11-21 11:29:48,642 [INFO] [MainThread] [root/api.py:69]: Fetching new weather data at 2025-11-21 11:29:48.642051
2025-11-21 11:29:49,609 [DEBUG] [MainThread] [systray_widget/systray.py:487]: Re-sorting widgets
2025-11-21 11:29:49,610 [DEBUG] [MainThread] [systray_widget/systray.py:509]: Updating current state
2025-11-21 11:29:57,643 [DEBUG] [MainThread] [systray_widget/systray.py:487]: Re-sorting widgets
2025-11-21 11:29:57,644 [DEBUG] [MainThread] [systray_widget/systray.py:509]: Updating current state
2025-11-21 11:39:47,778 [INFO] [MainThread] [root/api.py:69]: Fetching new weather data at 2025-11-21 11:39:47.778150
2025-11-21 11:43:44,724 [INFO] [MainThread] [root/controller.py:15]: Reloading Bar from context menu...
2025-11-21 11:43:44,829 [INFO] [MainThread] [cli_server/cli_server.py:112]: Log pipe server stopped
2025-11-21 11:43:44,829 [DEBUG] [MainThread] [cli_server/cli_server.py:206]: CLI server stopped
2025-11-21 11:43:44,910 [INFO] [MainThread] [root/bar_manager.py:92]: Stopping WindowsNotificationEventListener...
2025-11-21 11:43:44,911 [INFO] [MainThread] [core.utils.widgets.taskbar.window_manager/window_manager.py:218]: TaskbarWindowManager stopped
2025-11-21 11:43:44,913 [DEBUG] [MainThread] [systray_widget/systray.py:509]: Updating current state
2025-11-21 11:43:44,913 [DEBUG] [MainThread] [systray_widget/systray.py:527]: Saving state to disk
2025-11-21 11:43:44,914 [DEBUG] [MainThread] [systray_widget/systray.py:531]: Saving state to C:\Users\fabri\AppData\Local\YASB\systray_state_DELLINCDELLP2723QE9J3LM54.json
2025-11-21 11:43:44,915 [DEBUG] [MainThread] [systray_widget/utils.py:96]: Destroying window 198360
2025-11-21 11:43:44,916 [DEBUG] [MainThread] [systray_widget/utils.py:96]: Destroying window 198362
2025-11-21 11:43:44,930 [DEBUG] [MainThread] [qasync._windows._EventPoller/_windows.py:220]: Stopping worker thread...
2025-11-21 11:43:44,945 [DEBUG] [Dummy-5] [qasync._windows._EventWorker/_windows.py:204]: Exiting thread
2025-11-21 11:43:44,949 [DEBUG] [MainThread] [qasync._windows._IocpProactor/_windows.py:78]: Closing
2025-11-21 11:43:44,992 [DEBUG] [MainThread] [systray_widget/utils.py:96]: Destroying window 198362
2025-11-21 11:43:44,992 [DEBUG] [MainThread] [systray_widget/utils.py:96]: Destroying window 198360
2025-11-21 11:43:45,195 [INFO] [MainThread] [root/log.py:59]: YASB v1.8.4
2025-11-21 11:43:45,196 [INFO] [Thread-1 (_run_server)] [cli_server/cli_server.py:212]: CLI server started v1.1.3
2025-11-21 11:43:45,197 [INFO] [MainThread] [cli_server/cli_server.py:104]: Log pipe server started
2025-11-21 11:43:45,408 [DEBUG] [MainThread] [tzlocal/win32.py:55]: Looking up time zone info from registry
2025-11-21 11:43:45,620 [DEBUG] [MainThread] [comtypes/__init__.py:149]: CoInitializeEx(None, 2)
2025-11-21 11:43:46,471 [INFO] [MainThread] [core.utils.widgets.taskbar.window_manager/window_manager.py:191]: TaskbarWindowManager is starting...
2025-11-21 11:43:46,481 [INFO] [MainThread] [root/bar_manager.py:85]: Starting WindowsNotificationEventListener...
2025-11-21 11:43:46,482 [INFO] [MainThread] [root/watcher.py:54]: Created file watcher for path C:\Users\fabri\.config\yasb
2025-11-21 11:43:46,637 [INFO] [MainThread] [root/update_service.py:321]: Background update checker started
2025-11-21 11:43:46,638 [DEBUG] [MainThread] [qasync._windows._EventPoller/_windows.py:215]: Starting (proactor: <_IocpProactor overlapped#=0 result#=0>)...
2025-11-21 11:43:46,638 [DEBUG] [Dummy-5] [qasync._windows._EventWorker/_windows.py:195]: Thread started
2025-11-21 11:43:46,779 [DEBUG] [MainThread] [systray_widget/systray.py:549]: Loading state from C:\Users\fabri\AppData\Local\YASB\systray_state_DELLINCDELLP2723QE9J3LM54.json
2025-11-21 11:43:46,787 [DEBUG] [TrayMonitor] [systray_widget/systray.py:58]: Systray thread is starting...
2025-11-21 11:43:46,787 [DEBUG] [TaskbarService] [systray_widget/systray.py:72]: TaskbarService thread is starting...
2025-11-21 11:43:46,801 [DEBUG] [TaskbarService] [root/tasks_service.py:75]: Found yasb systray hwnd: 329540
2025-11-21 11:43:46,801 [DEBUG] [TaskbarService] [systray_widget/tasks_service.py:81]: Adding TaskbandHWND prop to hwnd 329540
2025-11-21 11:43:46,836 [DEBUG] [MainThread] [systray_widget/systray.py:298]: Systray thread started
2025-11-21 11:43:46,888 [INFO] [MainThread] [root/api.py:69]: Fetching new weather data at 2025-11-21 11:43:46.888587
2025-11-21 11:43:46,999 [DEBUG] [TrayMonitor] [systray_widget/tray_monitor.py:228]: Finding real tray hwnd
2025-11-21 11:43:47,038 [DEBUG] [TaskbarService] [systray_widget/tasks_service.py:81]: Adding TaskbandHWND prop to hwnd 329540
2025-11-21 11:43:47,062 [DEBUG] [MainThread] [systray_widget/tray_monitor.py:154]: Sending TaskbarCreated message: 49255
2025-11-21 11:43:48,077 [DEBUG] [MainThread] [systray_widget/systray.py:487]: Re-sorting widgets
2025-11-21 11:43:48,077 [DEBUG] [MainThread] [systray_widget/systray.py:509]: Updating current state
2025-11-21 11:43:56,129 [DEBUG] [MainThread] [systray_widget/systray.py:487]: Re-sorting widgets
2025-11-21 11:43:56,129 [DEBUG] [MainThread] [systray_widget/systray.py:509]: Updating current state
2025-11-21 11:49:15,272 [DEBUG] [MainThread] [systray_widget/systray.py:487]: Re-sorting widgets
2025-11-21 11:49:15,273 [DEBUG] [MainThread] [systray_widget/systray.py:509]: Updating current state
2025-11-21 11:49:18,043 [DEBUG] [MainThread] [systray_widget/systray.py:487]: Re-sorting widgets
2025-11-21 11:49:18,044 [DEBUG] [MainThread] [systray_widget/systray.py:509]: Updating current state
2025-11-21 11:53:45,727 [INFO] [MainThread] [root/api.py:69]: Fetching new weather data at 2025-11-21 11:53:45.727784
2025-11-21 11:55:37,797 [INFO] [MainThread] [root/controller.py:15]: Reloading Bar from context menu...
2025-11-21 11:55:37,914 [INFO] [MainThread] [cli_server/cli_server.py:112]: Log pipe server stopped
2025-11-21 11:55:37,914 [DEBUG] [MainThread] [cli_server/cli_server.py:206]: CLI server stopped
2025-11-21 11:55:38,019 [INFO] [MainThread] [root/bar_manager.py:92]: Stopping WindowsNotificationEventListener...
2025-11-21 11:55:38,020 [INFO] [MainThread] [core.utils.widgets.taskbar.window_manager/window_manager.py:218]: TaskbarWindowManager stopped
2025-11-21 11:55:38,021 [DEBUG] [MainThread] [systray_widget/systray.py:509]: Updating current state
2025-11-21 11:55:38,021 [DEBUG] [MainThread] [systray_widget/systray.py:527]: Saving state to disk
2025-11-21 11:55:38,022 [DEBUG] [MainThread] [systray_widget/systray.py:531]: Saving state to C:\Users\fabri\AppData\Local\YASB\systray_state_DELLINCDELLP2723QE9J3LM54.json
2025-11-21 11:55:38,023 [DEBUG] [MainThread] [systray_widget/utils.py:96]: Destroying window 329540
2025-11-21 11:55:38,025 [DEBUG] [MainThread] [systray_widget/utils.py:96]: Destroying window 1116248
2025-11-21 11:55:38,083 [DEBUG] [MainThread] [qasync._windows._EventPoller/_windows.py:220]: Stopping worker thread...
2025-11-21 11:55:38,084 [DEBUG] [Dummy-5] [qasync._windows._EventWorker/_windows.py:204]: Exiting thread
2025-11-21 11:55:38,086 [DEBUG] [MainThread] [qasync._windows._IocpProactor/_windows.py:78]: Closing
2025-11-21 11:55:38,119 [DEBUG] [MainThread] [systray_widget/utils.py:96]: Destroying window 1116248
2025-11-21 11:55:38,119 [DEBUG] [MainThread] [systray_widget/utils.py:96]: Destroying window 329540
2025-11-21 11:55:38,362 [INFO] [MainThread] [root/log.py:59]: YASB v1.8.4
2025-11-21 11:55:38,363 [INFO] [Thread-1 (_run_server)] [cli_server/cli_server.py:212]: CLI server started v1.1.3
2025-11-21 11:55:38,363 [INFO] [MainThread] [cli_server/cli_server.py:104]: Log pipe server started
2025-11-21 11:55:38,621 [DEBUG] [MainThread] [tzlocal/win32.py:55]: Looking up time zone info from registry
2025-11-21 11:55:40,065 [DEBUG] [MainThread] [comtypes/__init__.py:149]: CoInitializeEx(None, 2)
2025-11-21 11:55:40,632 [INFO] [MainThread] [core.utils.widgets.taskbar.window_manager/window_manager.py:191]: TaskbarWindowManager is starting...
2025-11-21 11:55:40,636 [INFO] [MainThread] [root/bar_manager.py:85]: Starting WindowsNotificationEventListener...
2025-11-21 11:55:40,638 [INFO] [MainThread] [root/watcher.py:54]: Created file watcher for path C:\Users\fabri\.config\yasb
2025-11-21 11:55:40,686 [INFO] [MainThread] [root/update_service.py:321]: Background update checker started
2025-11-21 11:55:40,686 [DEBUG] [MainThread] [qasync._windows._EventPoller/_windows.py:215]: Starting (proactor: <_IocpProactor overlapped#=0 result#=0>)...
2025-11-21 11:55:40,688 [DEBUG] [Dummy-5] [qasync._windows._EventWorker/_windows.py:195]: Thread started
2025-11-21 11:55:40,908 [DEBUG] [MainThread] [systray_widget/systray.py:549]: Loading state from C:\Users\fabri\AppData\Local\YASB\systray_state_DELLINCDELLP2723QE9J3LM54.json
2025-11-21 11:55:40,916 [DEBUG] [TaskbarService] [systray_widget/systray.py:72]: TaskbarService thread is starting...
2025-11-21 11:55:40,916 [DEBUG] [TrayMonitor] [systray_widget/systray.py:58]: Systray thread is starting...
2025-11-21 11:55:40,928 [DEBUG] [TaskbarService] [root/tasks_service.py:75]: Found yasb systray hwnd: 2558032
2025-11-21 11:55:40,929 [DEBUG] [TaskbarService] [systray_widget/tasks_service.py:81]: Adding TaskbandHWND prop to hwnd 2558032
2025-11-21 11:55:40,940 [DEBUG] [MainThread] [systray_widget/systray.py:298]: Systray thread started
2025-11-21 11:55:41,007 [INFO] [MainThread] [root/api.py:69]: Fetching new weather data at 2025-11-21 11:55:41.007453
2025-11-21 11:55:41,142 [DEBUG] [TaskbarService] [systray_widget/tasks_service.py:81]: Adding TaskbandHWND prop to hwnd 2558032
2025-11-21 11:55:41,144 [DEBUG] [TrayMonitor] [systray_widget/tray_monitor.py:228]: Finding real tray hwnd
2025-11-21 11:55:41,166 [DEBUG] [MainThread] [systray_widget/tray_monitor.py:154]: Sending TaskbarCreated message: 49255
2025-11-21 11:55:42,172 [DEBUG] [MainThread] [systray_widget/systray.py:487]: Re-sorting widgets
2025-11-21 11:55:42,173 [DEBUG] [MainThread] [systray_widget/systray.py:509]: Updating current state
2025-11-21 11:55:45,060 [DEBUG] [MainThread] [systray_widget/systray.py:487]: Re-sorting widgets
2025-11-21 11:55:45,061 [DEBUG] [MainThread] [systray_widget/systray.py:509]: Updating current state
2025-11-21 11:55:50,259 [DEBUG] [MainThread] [systray_widget/systray.py:487]: Re-sorting widgets
2025-11-21 11:55:50,260 [DEBUG] [MainThread] [systray_widget/systray.py:509]: Updating current state
2025-11-21 11:56:02,104 [INFO] [Thread-1 (_run_server)] [cli_server/cli_server.py:253]: CLI server received command: stop
2025-11-21 11:56:02,104 [INFO] [Thread-1 (_run_server)] [root/controller.py:35]: Exiting Application from CLI...
2025-11-21 11:56:02,213 [INFO] [Thread-1 (_run_server)] [cli_server/cli_server.py:112]: Log pipe server stopped
2025-11-21 11:56:02,213 [DEBUG] [Thread-1 (_run_server)] [cli_server/cli_server.py:206]: CLI server stopped
2025-11-21 11:56:02,257 [INFO] [MainThread] [root/bar_manager.py:92]: Stopping WindowsNotificationEventListener...
2025-11-21 11:56:02,258 [INFO] [MainThread] [core.utils.widgets.taskbar.window_manager/window_manager.py:218]: TaskbarWindowManager stopped
2025-11-21 11:56:02,259 [DEBUG] [MainThread] [systray_widget/systray.py:509]: Updating current state
2025-11-21 11:56:02,260 [DEBUG] [MainThread] [systray_widget/systray.py:527]: Saving state to disk
2025-11-21 11:56:02,260 [DEBUG] [MainThread] [systray_widget/systray.py:531]: Saving state to C:\Users\fabri\AppData\Local\YASB\systray_state_DELLINCDELLP2723QE9J3LM54.json
2025-11-21 11:56:02,260 [DEBUG] [MainThread] [systray_widget/utils.py:96]: Destroying window 2558032
2025-11-21 11:56:02,264 [DEBUG] [MainThread] [systray_widget/utils.py:96]: Destroying window 395220
2025-11-21 11:56:02,302 [DEBUG] [MainThread] [qasync._windows._EventPoller/_windows.py:220]: Stopping worker thread...
2025-11-21 11:56:02,314 [DEBUG] [Dummy-5] [qasync._windows._EventWorker/_windows.py:204]: Exiting thread
2025-11-21 11:56:02,324 [DEBUG] [MainThread] [qasync._windows._IocpProactor/_windows.py:78]: Closing
2025-11-21 11:56:02,353 [DEBUG] [MainThread] [systray_widget/utils.py:96]: Destroying window 395220
2025-11-21 11:56:02,354 [DEBUG] [MainThread] [systray_widget/utils.py:96]: Destroying window 2558032
2025-11-21 11:56:03,293 [INFO] [MainThread] [root/log.py:59]: YASB v1.8.4
2025-11-21 11:56:03,294 [INFO] [Thread-1 (_run_server)] [cli_server/cli_server.py:212]: CLI server started v1.1.3
2025-11-21 11:56:03,294 [INFO] [MainThread] [cli_server/cli_server.py:104]: Log pipe server started
2025-11-21 11:56:03,434 [DEBUG] [MainThread] [tzlocal/win32.py:55]: Looking up time zone info from registry
2025-11-21 11:56:04,613 [DEBUG] [MainThread] [comtypes/__init__.py:149]: CoInitializeEx(None, 2)
2025-11-21 11:56:05,156 [INFO] [MainThread] [core.utils.widgets.taskbar.window_manager/window_manager.py:191]: TaskbarWindowManager is starting...
2025-11-21 11:56:05,159 [INFO] [MainThread] [root/bar_manager.py:85]: Starting WindowsNotificationEventListener...
2025-11-21 11:56:05,160 [INFO] [MainThread] [root/watcher.py:54]: Created file watcher for path C:\Users\fabri\.config\yasb
2025-11-21 11:56:05,203 [INFO] [MainThread] [root/update_service.py:321]: Background update checker started
2025-11-21 11:56:05,203 [DEBUG] [MainThread] [qasync._windows._EventPoller/_windows.py:215]: Starting (proactor: <_IocpProactor overlapped#=0 result#=0>)...
2025-11-21 11:56:05,204 [DEBUG] [Dummy-5] [qasync._windows._EventWorker/_windows.py:195]: Thread started
2025-11-21 11:56:13,245 [INFO] [Thread-1 (_run_server)] [cli_server/cli_server.py:253]: CLI server received command: stop
2025-11-21 11:56:13,245 [INFO] [Thread-1 (_run_server)] [root/controller.py:35]: Exiting Application from CLI...
2025-11-21 11:56:13,361 [INFO] [Thread-1 (_run_server)] [cli_server/cli_server.py:112]: Log pipe server stopped
2025-11-21 11:56:13,361 [DEBUG] [Thread-1 (_run_server)] [cli_server/cli_server.py:206]: CLI server stopped
2025-11-21 11:56:13,364 [INFO] [MainThread] [root/bar_manager.py:92]: Stopping WindowsNotificationEventListener...
2025-11-21 11:56:13,364 [INFO] [MainThread] [core.utils.widgets.taskbar.window_manager/window_manager.py:218]: TaskbarWindowManager stopped
2025-11-21 11:56:13,367 [DEBUG] [MainThread] [qasync._windows._EventPoller/_windows.py:220]: Stopping worker thread...
2025-11-21 11:56:13,378 [DEBUG] [Dummy-5] [qasync._windows._EventWorker/_windows.py:204]: Exiting thread
2025-11-21 11:56:13,379 [DEBUG] [MainThread] [qasync._windows._IocpProactor/_windows.py:78]: Closing
2025-11-21 11:56:14,404 [INFO] [MainThread] [root/log.py:59]: YASB v1.8.4
2025-11-21 11:56:14,405 [INFO] [Thread-1 (_run_server)] [cli_server/cli_server.py:212]: CLI server started v1.1.3
2025-11-21 11:56:14,405 [INFO] [MainThread] [cli_server/cli_server.py:104]: Log pipe server started
2025-11-21 11:56:15,933 [INFO] [MainThread] [root/bar_manager.py:85]: Starting KomorebiEventListener...
2025-11-21 11:56:15,934 [INFO] [MainThread] [root/watcher.py:54]: Created file watcher for path C:\Users\fabri\.config\yasb
2025-11-21 11:56:15,935 [INFO] [Dummy-5] [root/event_listener.py:51]: Created named pipe yasb-3ac85558-c6ea-11f0-a5c3-dc454698955e
2025-11-21 11:56:15,961 [INFO] [MainThread] [root/update_service.py:321]: Background update checker started
2025-11-21 11:56:15,961 [DEBUG] [MainThread] [qasync._windows._EventPoller/_windows.py:215]: Starting (proactor: <_IocpProactor overlapped#=0 result#=0>)...
2025-11-21 11:56:15,962 [DEBUG] [Dummy-8] [qasync._windows._EventWorker/_windows.py:195]: Thread started
2025-11-21 11:56:25,375 [INFO] [Thread-1 (_run_server)] [cli_server/cli_server.py:253]: CLI server received command: stop
2025-11-21 11:56:25,375 [INFO] [Thread-1 (_run_server)] [root/controller.py:35]: Exiting Application from CLI...
2025-11-21 11:56:25,480 [INFO] [Thread-1 (_run_server)] [cli_server/cli_server.py:112]: Log pipe server stopped
2025-11-21 11:56:25,481 [DEBUG] [Thread-1 (_run_server)] [cli_server/cli_server.py:206]: CLI server stopped
2025-11-21 11:56:25,528 [INFO] [MainThread] [root/bar_manager.py:92]: Stopping KomorebiEventListener...
2025-11-21 11:56:25,529 [DEBUG] [MainThread] [qasync._windows._EventPoller/_windows.py:220]: Stopping worker thread...
2025-11-21 11:56:25,529 [DEBUG] [Dummy-8] [qasync._windows._EventWorker/_windows.py:204]: Exiting thread
2025-11-21 11:56:25,533 [DEBUG] [MainThread] [qasync._windows._IocpProactor/_windows.py:78]: Closing
2025-11-21 11:56:26,594 [INFO] [MainThread] [root/log.py:59]: YASB v1.8.4
2025-11-21 11:56:26,595 [INFO] [Thread-1 (_run_server)] [cli_server/cli_server.py:212]: CLI server started v1.1.3
2025-11-21 11:56:26,596 [INFO] [MainThread] [cli_server/cli_server.py:104]: Log pipe server started
2025-11-21 11:56:26,794 [DEBUG] [MainThread] [comtypes/__init__.py:149]: CoInitializeEx(None, 2)
2025-11-21 11:56:26,978 [DEBUG] [MainThread] [tzlocal/win32.py:55]: Looking up time zone info from registry
2025-11-21 11:56:28,159 [INFO] [MainThread] [root/bar_manager.py:85]: Starting WindowsNotificationEventListener...
2025-11-21 11:56:28,160 [INFO] [MainThread] [root/bar_manager.py:85]: Starting SystemEventListener...
2025-11-21 11:56:28,161 [INFO] [MainThread] [root/watcher.py:54]: Created file watcher for path C:\Users\fabri\.config\yasb
2025-11-21 11:56:28,262 [INFO] [MainThread] [root/update_service.py:321]: Background update checker started
2025-11-21 11:56:28,262 [DEBUG] [MainThread] [qasync._windows._EventPoller/_windows.py:215]: Starting (proactor: <_IocpProactor overlapped#=0 result#=0>)...
2025-11-21 11:56:28,264 [DEBUG] [Dummy-5] [qasync._windows._EventWorker/_windows.py:195]: Thread started
2025-11-21 11:56:41,968 [INFO] [Thread-1 (_run_server)] [cli_server/cli_server.py:253]: CLI server received command: stop
2025-11-21 11:56:41,968 [INFO] [Thread-1 (_run_server)] [root/controller.py:35]: Exiting Application from CLI...
2025-11-21 11:56:42,082 [INFO] [Thread-1 (_run_server)] [cli_server/cli_server.py:112]: Log pipe server stopped
2025-11-21 11:56:42,083 [DEBUG] [Thread-1 (_run_server)] [cli_server/cli_server.py:206]: CLI server stopped
2025-11-21 11:56:42,952 [INFO] [MainThread] [root/bar_manager.py:92]: Stopping WindowsNotificationEventListener...
2025-11-21 11:56:42,953 [INFO] [MainThread] [root/bar_manager.py:92]: Stopping SystemEventListener...
2025-11-21 11:56:42,981 [INFO] [MainThread] [root/controller.py:15]: Reloading Application because of config change.
2025-11-21 11:56:43,087 [INFO] [MainThread] [cli_server/cli_server.py:112]: Log pipe server stopped
2025-11-21 11:56:43,088 [DEBUG] [MainThread] [cli_server/cli_server.py:206]: CLI server stopped
2025-11-21 11:56:43,094 [INFO] [MainThread] [root/bar_manager.py:76]: Successfully loaded updated config and re-initialised all bars.
2025-11-21 11:56:43,095 [ERROR] [MainThread] [root/main.py:148]: Unhandled exception
Traceback (most recent call last):
  File "D:\a\yasb\yasb\src\core\widgets\yasb\media.py", line 633, in _update_interpolated_position
RuntimeError: wrapped C/C++ object of type MediaWidget has been deleted

During handling of the above exception, another exception occurred:

Traceback (most recent call last):
  File "D:\a\yasb\yasb\src\core\utils\widgets\media\media.py", line 395, in _interpolate_timeline
  File "D:\a\yasb\yasb\src\core\widgets\yasb\media.py", line 202, in <lambda>
  File "D:\a\yasb\yasb\src\core\widgets\yasb\media.py", line 659, in _update_interpolated_position
RuntimeError: wrapped C/C++ object of type MediaWidget has been deleted
2025-11-21 11:56:43,142 [INFO] [MainThread] [root/log.py:59]: YASB v1.8.4
2025-11-21 11:56:43,143 [INFO] [Thread-1 (_run_server)] [cli_server/cli_server.py:212]: CLI server started v1.1.3
2025-11-21 11:56:43,143 [INFO] [MainThread] [cli_server/cli_server.py:104]: Log pipe server started
2025-11-21 11:56:43,144 [ERROR] [MainThread] [root/main.py:76]: Another instance of the YASB is already running.
2025-11-21 11:56:43,357 [INFO] [MainThread] [root/log.py:59]: YASB v1.8.4
2025-11-21 11:56:43,358 [INFO] [Thread-1 (_run_server)] [cli_server/cli_server.py:212]: CLI server started v1.1.3
2025-11-21 11:56:43,358 [INFO] [MainThread] [cli_server/cli_server.py:104]: Log pipe server started
2025-11-21 11:56:43,557 [DEBUG] [MainThread] [tzlocal/win32.py:55]: Looking up time zone info from registry
2025-11-21 11:56:44,862 [INFO] [MainThread] [core.utils.widgets.taskbar.window_manager/window_manager.py:191]: TaskbarWindowManager is starting...
2025-11-21 11:56:44,865 [INFO] [MainThread] [root/bar_manager.py:85]: Starting KomorebiEventListener...
2025-11-21 11:56:44,865 [INFO] [MainThread] [root/bar_manager.py:85]: Starting SystemEventListener...
2025-11-21 11:56:44,865 [INFO] [MainThread] [root/bar_manager.py:85]: Starting WindowsNotificationEventListener...
2025-11-21 11:56:44,867 [INFO] [Dummy-3] [root/event_listener.py:51]: Created named pipe yasb-4c06ebf9-c6ea-11f0-b18e-dc454698955e
2025-11-21 11:56:44,867 [INFO] [MainThread] [root/watcher.py:54]: Created file watcher for path C:\Users\fabri\.config\yasb
2025-11-21 11:56:44,901 [INFO] [MainThread] [root/update_service.py:321]: Background update checker started
2025-11-21 11:56:44,901 [DEBUG] [MainThread] [qasync._windows._EventPoller/_windows.py:215]: Starting (proactor: <_IocpProactor overlapped#=0 result#=0>)...
2025-11-21 11:56:44,903 [DEBUG] [Dummy-8] [qasync._windows._EventWorker/_windows.py:195]: Thread started
2025-11-21 11:56:44,903 [DEBUG] [MainThread] [systray_widget/systray.py:549]: Loading state from C:\Users\fabri\AppData\Local\YASB\systray_state_DELLINCDELLP2723QE9J3LM54.json
2025-11-21 11:56:44,905 [DEBUG] [TrayMonitor] [systray_widget/systray.py:58]: Systray thread is starting...
2025-11-21 11:56:44,905 [DEBUG] [TaskbarService] [systray_widget/systray.py:72]: TaskbarService thread is starting...
2025-11-21 11:56:44,911 [DEBUG] [TaskbarService] [root/tasks_service.py:75]: Found yasb systray hwnd: 723502
2025-11-21 11:56:44,911 [DEBUG] [TaskbarService] [systray_widget/tasks_service.py:81]: Adding TaskbandHWND prop to hwnd 723502
2025-11-21 11:56:44,918 [DEBUG] [MainThread] [systray_widget/systray.py:298]: Systray thread started
2025-11-21 11:56:44,928 [DEBUG] [TrayMonitor] [systray_widget/tray_monitor.py:228]: Finding real tray hwnd
2025-11-21 11:56:45,120 [DEBUG] [TaskbarService] [systray_widget/tasks_service.py:81]: Adding TaskbandHWND prop to hwnd 723502
2025-11-21 11:56:45,150 [DEBUG] [MainThread] [systray_widget/tray_monitor.py:154]: Sending TaskbarCreated message: 49255
2025-11-21 11:56:46,163 [DEBUG] [MainThread] [systray_widget/systray.py:487]: Re-sorting widgets
2025-11-21 11:56:46,164 [DEBUG] [MainThread] [systray_widget/systray.py:509]: Updating current state
2025-11-21 11:56:48,035 [DEBUG] [MainThread] [systray_widget/systray.py:487]: Re-sorting widgets
2025-11-21 11:56:48,035 [DEBUG] [MainThread] [systray_widget/systray.py:509]: Updating current state
2025-11-21 11:56:54,218 [DEBUG] [MainThread] [systray_widget/systray.py:487]: Re-sorting widgets
2025-11-21 11:56:54,219 [DEBUG] [MainThread] [systray_widget/systray.py:509]: Updating current state
2025-11-21 11:56:55,761 [INFO] [Thread-1 (_run_server)] [cli_server/cli_server.py:253]: CLI server received command: stop
2025-11-21 11:56:55,761 [INFO] [Thread-1 (_run_server)] [root/controller.py:35]: Exiting Application from CLI...
2025-11-21 11:56:55,862 [INFO] [Thread-1 (_run_server)] [cli_server/cli_server.py:112]: Log pipe server stopped
2025-11-21 11:56:55,863 [DEBUG] [Thread-1 (_run_server)] [cli_server/cli_server.py:206]: CLI server stopped
2025-11-21 11:56:56,784 [INFO] [MainThread] [root/bar_manager.py:92]: Stopping KomorebiEventListener...
2025-11-21 11:56:56,784 [INFO] [MainThread] [root/bar_manager.py:92]: Stopping SystemEventListener...
2025-11-21 11:56:56,784 [INFO] [MainThread] [root/bar_manager.py:92]: Stopping WindowsNotificationEventListener...
2025-11-21 11:56:56,785 [INFO] [MainThread] [core.utils.widgets.taskbar.window_manager/window_manager.py:218]: TaskbarWindowManager stopped
2025-11-21 11:56:56,786 [DEBUG] [MainThread] [systray_widget/systray.py:509]: Updating current state
2025-11-21 11:56:56,786 [DEBUG] [MainThread] [systray_widget/systray.py:527]: Saving state to disk
2025-11-21 11:56:56,786 [DEBUG] [MainThread] [systray_widget/systray.py:531]: Saving state to C:\Users\fabri\AppData\Local\YASB\systray_state_DELLINCDELLP2723QE9J3LM54.json
2025-11-21 11:56:56,787 [DEBUG] [MainThread] [systray_widget/utils.py:96]: Destroying window 723502
2025-11-21 11:56:56,787 [DEBUG] [MainThread] [systray_widget/utils.py:96]: Destroying window 657768
2025-11-21 11:56:56,810 [INFO] [MainThread] [root/controller.py:15]: Reloading Application because of config change.
2025-11-21 11:56:56,913 [INFO] [MainThread] [cli_server/cli_server.py:112]: Log pipe server stopped
2025-11-21 11:56:56,913 [DEBUG] [MainThread] [cli_server/cli_server.py:206]: CLI server stopped
2025-11-21 11:56:56,919 [INFO] [MainThread] [root/bar_manager.py:76]: Successfully loaded updated config and re-initialised all bars.
2025-11-21 11:56:56,919 [DEBUG] [MainThread] [qasync._windows._EventPoller/_windows.py:220]: Stopping worker thread...
2025-11-21 11:56:56,929 [DEBUG] [Dummy-8] [qasync._windows._EventWorker/_windows.py:204]: Exiting thread
2025-11-21 11:56:56,930 [DEBUG] [MainThread] [qasync._windows._IocpProactor/_windows.py:78]: Closing
2025-11-21 11:56:56,936 [DEBUG] [MainThread] [systray_widget/utils.py:96]: Destroying window 657768
2025-11-21 11:56:56,936 [DEBUG] [MainThread] [systray_widget/utils.py:96]: Destroying window 723502
2025-11-21 11:56:57,002 [INFO] [MainThread] [root/log.py:59]: YASB v1.8.4
2025-11-21 11:56:57,003 [INFO] [Thread-1 (_run_server)] [cli_server/cli_server.py:212]: CLI server started v1.1.3
2025-11-21 11:56:57,003 [INFO] [MainThread] [cli_server/cli_server.py:104]: Log pipe server started
2025-11-21 11:56:57,169 [DEBUG] [MainThread] [comtypes/__init__.py:149]: CoInitializeEx(None, 2)
2025-11-21 11:56:57,185 [INFO] [MainThread] [root/log.py:59]: YASB v1.8.4
2025-11-21 11:56:57,186 [INFO] [Thread-1 (_run_server)] [cli_server/cli_server.py:212]: CLI server started v1.1.3
2025-11-21 11:56:57,186 [INFO] [MainThread] [cli_server/cli_server.py:104]: Log pipe server started
2025-11-21 11:56:57,186 [INFO] [MainThread] [root/main.py:47]: Waiting for previous YASB instance to exit...
2025-11-21 11:56:57,423 [DEBUG] [MainThread] [tzlocal/win32.py:55]: Looking up time zone info from registry
2025-11-21 11:56:58,831 [INFO] [MainThread] [core.utils.widgets.taskbar.window_manager/window_manager.py:191]: TaskbarWindowManager is starting...
2025-11-21 11:56:58,833 [INFO] [MainThread] [root/bar_manager.py:85]: Starting SystemEventListener...
2025-11-21 11:56:58,833 [INFO] [MainThread] [root/watcher.py:54]: Created file watcher for path C:\Users\fabri\.config\yasb
2025-11-21 11:56:58,861 [INFO] [MainThread] [root/update_service.py:321]: Background update checker started
2025-11-21 11:56:58,861 [DEBUG] [MainThread] [qasync._windows._EventPoller/_windows.py:215]: Starting (proactor: <_IocpProactor overlapped#=0 result#=0>)...
2025-11-21 11:56:58,862 [DEBUG] [Dummy-5] [qasync._windows._EventWorker/_windows.py:195]: Thread started
2025-11-21 11:56:58,947 [ERROR] [MainThread] [root/api.py:82]: Weather API invalid JSON response: Expecting value: line 1 column 1 (char 0)
2025-11-21 11:56:58,948 [WARNING] [MainThread] [root/weather.py:524]: Error processing weather data: Weather data is empty.. Retrying fetch in 10 seconds.
2025-11-21 11:57:07,204 [ERROR] [MainThread] [root/main.py:70]: Timeout waiting for previous instance. Aborting start.
2025-11-21 11:57:08,962 [ERROR] [MainThread] [root/api.py:82]: Weather API invalid JSON response: Expecting value: line 1 column 1 (char 0)
2025-11-21 11:57:08,962 [WARNING] [MainThread] [root/weather.py:524]: Error processing weather data: Weather data is empty.. Retrying fetch in 10 seconds.
2025-11-21 11:57:13,491 [INFO] [Thread-1 (_run_server)] [cli_server/cli_server.py:253]: CLI server received command: stop
2025-11-21 11:57:13,491 [INFO] [Thread-1 (_run_server)] [root/controller.py:35]: Exiting Application from CLI...
2025-11-21 11:57:13,597 [INFO] [Thread-1 (_run_server)] [cli_server/cli_server.py:112]: Log pipe server stopped
2025-11-21 11:57:13,598 [DEBUG] [Thread-1 (_run_server)] [cli_server/cli_server.py:206]: CLI server stopped
2025-11-21 11:57:14,562 [INFO] [MainThread] [root/bar_manager.py:92]: Stopping SystemEventListener...
2025-11-21 11:57:14,562 [INFO] [MainThread] [core.utils.widgets.taskbar.window_manager/window_manager.py:218]: TaskbarWindowManager stopped
2025-11-21 11:57:14,621 [INFO] [MainThread] [root/controller.py:15]: Reloading Application because of config change.
2025-11-21 11:57:14,699 [INFO] [MainThread] [root/log.py:59]: YASB v1.8.4
2025-11-21 11:57:14,700 [INFO] [Thread-1 (_run_server)] [cli_server/cli_server.py:212]: CLI server started v1.1.3
2025-11-21 11:57:14,700 [INFO] [MainThread] [cli_server/cli_server.py:104]: Log pipe server started
2025-11-21 11:57:14,701 [ERROR] [MainThread] [root/main.py:76]: Another instance of the YASB is already running.
2025-11-21 11:57:14,732 [INFO] [MainThread] [cli_server/cli_server.py:112]: Log pipe server stopped
2025-11-21 11:57:14,732 [DEBUG] [MainThread] [cli_server/cli_server.py:206]: CLI server stopped
2025-11-21 11:57:14,742 [INFO] [MainThread] [root/bar_manager.py:76]: Successfully loaded updated config and re-initialised all bars.
2025-11-21 11:57:14,743 [ERROR] [MainThread] [root/main.py:148]: Unhandled exception
Traceback (most recent call last):
  File "D:\a\yasb\yasb\src\core\widgets\yasb\media.py", line 633, in _update_interpolated_position
RuntimeError: wrapped C/C++ object of type MediaWidget has been deleted

During handling of the above exception, another exception occurred:

Traceback (most recent call last):
  File "D:\a\yasb\yasb\src\core\utils\widgets\media\media.py", line 395, in _interpolate_timeline
  File "D:\a\yasb\yasb\src\core\widgets\yasb\media.py", line 202, in <lambda>
  File "D:\a\yasb\yasb\src\core\widgets\yasb\media.py", line 659, in _update_interpolated_position
RuntimeError: wrapped C/C++ object of type MediaWidget has been deleted
2025-11-21 11:57:15,002 [INFO] [MainThread] [root/log.py:59]: YASB v1.8.4
2025-11-21 11:57:15,004 [INFO] [Thread-1 (_run_server)] [cli_server/cli_server.py:212]: CLI server started v1.1.3
2025-11-21 11:57:15,004 [INFO] [MainThread] [cli_server/cli_server.py:104]: Log pipe server started
2025-11-21 11:57:15,142 [DEBUG] [MainThread] [tzlocal/win32.py:55]: Looking up time zone info from registry
2025-11-21 11:57:16,474 [DEBUG] [MainThread] [comtypes/__init__.py:149]: CoInitializeEx(None, 2)
2025-11-21 11:57:16,655 [INFO] [MainThread] [root/bar_manager.py:85]: Starting SystemEventListener...
2025-11-21 11:57:16,656 [INFO] [MainThread] [root/bar_manager.py:85]: Starting KomorebiEventListener...
2025-11-21 11:57:16,656 [INFO] [MainThread] [root/watcher.py:54]: Created file watcher for path C:\Users\fabri\.config\yasb
2025-11-21 11:57:16,690 [INFO] [Dummy-5] [root/event_listener.py:51]: Created named pipe yasb-5ef9ced8-c6ea-11f0-9621-dc454698955e
2025-11-21 11:57:16,717 [INFO] [MainThread] [root/update_service.py:321]: Background update checker started
2025-11-21 11:57:16,717 [DEBUG] [MainThread] [qasync._windows._EventPoller/_windows.py:215]: Starting (proactor: <_IocpProactor overlapped#=0 result#=0>)...
2025-11-21 11:57:16,721 [DEBUG] [Dummy-8] [qasync._windows._EventWorker/_windows.py:195]: Thread started
2025-11-21 11:57:16,723 [DEBUG] [MainThread] [systray_widget/systray.py:549]: Loading state from C:\Users\fabri\AppData\Local\YASB\systray_state_DELLINCDELLP2723QE9J3LM54.json
2025-11-21 11:57:16,727 [DEBUG] [TaskbarService] [systray_widget/systray.py:72]: TaskbarService thread is starting...
2025-11-21 11:57:16,728 [DEBUG] [TrayMonitor] [systray_widget/systray.py:58]: Systray thread is starting...
2025-11-21 11:57:16,764 [DEBUG] [TaskbarService] [root/tasks_service.py:75]: Found yasb systray hwnd: 1771328
2025-11-21 11:57:16,765 [DEBUG] [TaskbarService] [systray_widget/tasks_service.py:81]: Adding TaskbandHWND prop to hwnd 1771328
2025-11-21 11:57:17,128 [DEBUG] [MainThread] [systray_widget/systray.py:298]: Systray thread started
2025-11-21 11:57:17,201 [INFO] [MainThread] [root/api.py:69]: Fetching new weather data at 2025-11-21 11:57:17.201442
2025-11-21 11:57:17,330 [DEBUG] [TaskbarService] [systray_widget/tasks_service.py:81]: Adding TaskbandHWND prop to hwnd 1771328
2025-11-21 11:57:17,331 [DEBUG] [TrayMonitor] [systray_widget/tray_monitor.py:228]: Finding real tray hwnd
2025-11-21 11:57:17,353 [DEBUG] [MainThread] [systray_widget/tray_monitor.py:154]: Sending TaskbarCreated message: 49255
2025-11-21 11:57:18,364 [DEBUG] [MainThread] [systray_widget/systray.py:487]: Re-sorting widgets
2025-11-21 11:57:18,365 [DEBUG] [MainThread] [systray_widget/systray.py:509]: Updating current state
2025-11-21 11:57:21,048 [DEBUG] [MainThread] [systray_widget/systray.py:487]: Re-sorting widgets
2025-11-21 11:57:21,048 [DEBUG] [MainThread] [systray_widget/systray.py:509]: Updating current state
2025-11-21 11:57:26,517 [DEBUG] [MainThread] [systray_widget/systray.py:487]: Re-sorting widgets
2025-11-21 11:57:26,518 [DEBUG] [MainThread] [systray_widget/systray.py:509]: Updating current state
2025-11-21 11:57:38,592 [INFO] [Thread-1 (_run_server)] [cli_server/cli_server.py:253]: CLI server received command: stop
2025-11-21 11:57:38,593 [INFO] [Thread-1 (_run_server)] [root/controller.py:35]: Exiting Application from CLI...
2025-11-21 11:57:38,702 [INFO] [Thread-1 (_run_server)] [cli_server/cli_server.py:112]: Log pipe server stopped
2025-11-21 11:57:38,702 [DEBUG] [Thread-1 (_run_server)] [cli_server/cli_server.py:206]: CLI server stopped
2025-11-21 11:57:39,642 [INFO] [MainThread] [root/bar_manager.py:92]: Stopping SystemEventListener...
2025-11-21 11:57:39,643 [INFO] [MainThread] [root/bar_manager.py:92]: Stopping KomorebiEventListener...
2025-11-21 11:57:39,644 [DEBUG] [MainThread] [systray_widget/systray.py:509]: Updating current state
2025-11-21 11:57:39,644 [DEBUG] [MainThread] [systray_widget/systray.py:527]: Saving state to disk
2025-11-21 11:57:39,644 [DEBUG] [MainThread] [systray_widget/systray.py:531]: Saving state to C:\Users\fabri\AppData\Local\YASB\systray_state_DELLINCDELLP2723QE9J3LM54.json
2025-11-21 11:57:39,645 [DEBUG] [MainThread] [systray_widget/utils.py:96]: Destroying window 1771328
2025-11-21 11:57:39,645 [DEBUG] [MainThread] [systray_widget/utils.py:96]: Destroying window 985030
2025-11-21 11:57:39,674 [INFO] [MainThread] [root/controller.py:15]: Reloading Application because of config change.
2025-11-21 11:57:39,776 [INFO] [MainThread] [root/log.py:59]: YASB v1.8.4
2025-11-21 11:57:39,777 [INFO] [Thread-1 (_run_server)] [cli_server/cli_server.py:212]: CLI server started v1.1.3
2025-11-21 11:57:39,777 [INFO] [MainThread] [cli_server/cli_server.py:104]: Log pipe server started
2025-11-21 11:57:39,777 [ERROR] [MainThread] [root/main.py:76]: Another instance of the YASB is already running.
2025-11-21 11:57:39,779 [INFO] [MainThread] [cli_server/cli_server.py:112]: Log pipe server stopped
2025-11-21 11:57:39,779 [DEBUG] [MainThread] [cli_server/cli_server.py:206]: CLI server stopped
2025-11-21 11:57:39,795 [INFO] [MainThread] [root/bar_manager.py:76]: Successfully loaded updated config and re-initialised all bars.
2025-11-21 11:57:39,796 [DEBUG] [MainThread] [qasync._windows._EventPoller/_windows.py:220]: Stopping worker thread...
2025-11-21 11:57:39,811 [DEBUG] [Dummy-8] [qasync._windows._EventWorker/_windows.py:204]: Exiting thread
2025-11-21 11:57:39,813 [DEBUG] [MainThread] [qasync._windows._IocpProactor/_windows.py:78]: Closing
2025-11-21 11:57:39,821 [DEBUG] [MainThread] [systray_widget/utils.py:96]: Destroying window 985030
2025-11-21 11:57:39,821 [DEBUG] [MainThread] [systray_widget/utils.py:96]: Destroying window 1771328
2025-11-21 11:57:40,056 [INFO] [MainThread] [root/log.py:59]: YASB v1.8.4
2025-11-21 11:57:40,057 [INFO] [Thread-1 (_run_server)] [cli_server/cli_server.py:212]: CLI server started v1.1.3
2025-11-21 11:57:40,057 [INFO] [MainThread] [cli_server/cli_server.py:104]: Log pipe server started
2025-11-21 11:57:40,181 [DEBUG] [MainThread] [tzlocal/win32.py:55]: Looking up time zone info from registry
2025-11-21 11:57:41,240 [DEBUG] [MainThread] [comtypes/__init__.py:149]: CoInitializeEx(None, 2)
2025-11-21 11:57:41,628 [INFO] [MainThread] [core.utils.widgets.taskbar.window_manager/window_manager.py:191]: TaskbarWindowManager is starting...
2025-11-21 11:57:41,630 [INFO] [MainThread] [root/bar_manager.py:85]: Starting SystemEventListener...
2025-11-21 11:57:41,630 [INFO] [MainThread] [root/bar_manager.py:85]: Starting KomorebiEventListener...
2025-11-21 11:57:41,631 [INFO] [MainThread] [root/watcher.py:54]: Created file watcher for path C:\Users\fabri\.config\yasb
2025-11-21 11:57:41,643 [INFO] [Dummy-5] [root/event_listener.py:51]: Created named pipe yasb-6ddca1f1-c6ea-11f0-905e-dc454698955e
2025-11-21 11:57:41,660 [INFO] [MainThread] [root/update_service.py:321]: Background update checker started
2025-11-21 11:57:41,660 [DEBUG] [MainThread] [qasync._windows._EventPoller/_windows.py:215]: Starting (proactor: <_IocpProactor overlapped#=0 result#=0>)...
2025-11-21 11:57:41,661 [DEBUG] [Dummy-8] [qasync._windows._EventWorker/_windows.py:195]: Thread started
2025-11-21 11:57:41,795 [INFO] [MainThread] [root/api.py:69]: Fetching new weather data at 2025-11-21 11:57:41.795461
2025-11-21 11:57:52,353 [INFO] [MainThread] [root/controller.py:15]: Reloading Bar from context menu...
2025-11-21 11:57:52,466 [INFO] [MainThread] [cli_server/cli_server.py:112]: Log pipe server stopped
2025-11-21 11:57:52,466 [DEBUG] [MainThread] [cli_server/cli_server.py:206]: CLI server stopped
2025-11-21 11:57:52,554 [INFO] [MainThread] [root/bar_manager.py:92]: Stopping SystemEventListener...
2025-11-21 11:57:52,554 [INFO] [MainThread] [root/bar_manager.py:92]: Stopping KomorebiEventListener...
2025-11-21 11:57:52,555 [INFO] [MainThread] [core.utils.widgets.taskbar.window_manager/window_manager.py:218]: TaskbarWindowManager stopped
2025-11-21 11:57:52,604 [DEBUG] [MainThread] [qasync._windows._EventPoller/_windows.py:220]: Stopping worker thread...
2025-11-21 11:57:52,612 [DEBUG] [Dummy-8] [qasync._windows._EventWorker/_windows.py:204]: Exiting thread
2025-11-21 11:57:52,616 [DEBUG] [MainThread] [qasync._windows._IocpProactor/_windows.py:78]: Closing
2025-11-21 11:57:52,798 [INFO] [MainThread] [root/log.py:59]: YASB v1.8.4
2025-11-21 11:57:52,799 [INFO] [Thread-1 (_run_server)] [cli_server/cli_server.py:212]: CLI server started v1.1.3
2025-11-21 11:57:52,799 [INFO] [MainThread] [cli_server/cli_server.py:104]: Log pipe server started
2025-11-21 11:57:52,909 [DEBUG] [MainThread] [tzlocal/win32.py:55]: Looking up time zone info from registry
2025-11-21 11:57:54,036 [DEBUG] [MainThread] [comtypes/__init__.py:149]: CoInitializeEx(None, 2)
2025-11-21 11:57:54,424 [INFO] [MainThread] [core.utils.widgets.taskbar.window_manager/window_manager.py:191]: TaskbarWindowManager is starting...
2025-11-21 11:57:54,426 [INFO] [MainThread] [root/bar_manager.py:85]: Starting SystemEventListener...
2025-11-21 11:57:54,427 [INFO] [MainThread] [root/bar_manager.py:85]: Starting KomorebiEventListener...
2025-11-21 11:57:54,427 [INFO] [MainThread] [root/watcher.py:54]: Created file watcher for path C:\Users\fabri\.config\yasb
2025-11-21 11:57:54,428 [INFO] [Dummy-5] [root/event_listener.py:51]: Created named pipe yasb-757d3328-c6ea-11f0-bc9f-dc454698955e
2025-11-21 11:57:54,457 [INFO] [MainThread] [root/update_service.py:321]: Background update checker started
2025-11-21 11:57:54,458 [DEBUG] [MainThread] [qasync._windows._EventPoller/_windows.py:215]: Starting (proactor: <_IocpProactor overlapped#=0 result#=0>)...
2025-11-21 11:57:54,458 [DEBUG] [Dummy-8] [qasync._windows._EventWorker/_windows.py:195]: Thread started
2025-11-21 11:57:54,614 [INFO] [MainThread] [root/api.py:69]: Fetching new weather data at 2025-11-21 11:57:54.614008
2025-11-21 11:58:03,752 [INFO] [Thread-1 (_run_server)] [cli_server/cli_server.py:253]: CLI server received command: stop
2025-11-21 11:58:03,752 [INFO] [Thread-1 (_run_server)] [root/controller.py:35]: Exiting Application from CLI...
2025-11-21 11:58:03,868 [INFO] [Thread-1 (_run_server)] [cli_server/cli_server.py:112]: Log pipe server stopped
2025-11-21 11:58:03,868 [DEBUG] [Thread-1 (_run_server)] [cli_server/cli_server.py:206]: CLI server stopped
2025-11-21 11:58:04,718 [INFO] [MainThread] [root/bar_manager.py:92]: Stopping SystemEventListener...
2025-11-21 11:58:04,718 [INFO] [MainThread] [root/bar_manager.py:92]: Stopping KomorebiEventListener...
2025-11-21 11:58:04,719 [INFO] [MainThread] [core.utils.widgets.taskbar.window_manager/window_manager.py:218]: TaskbarWindowManager stopped
2025-11-21 11:58:04,748 [INFO] [MainThread] [root/controller.py:15]: Reloading Application because of config change.
2025-11-21 11:58:04,849 [INFO] [MainThread] [cli_server/cli_server.py:112]: Log pipe server stopped
2025-11-21 11:58:04,849 [DEBUG] [MainThread] [cli_server/cli_server.py:206]: CLI server stopped
2025-11-21 11:58:04,862 [INFO] [MainThread] [root/bar_manager.py:76]: Successfully loaded updated config and re-initialised all bars.
2025-11-21 11:58:04,863 [ERROR] [MainThread] [root/main.py:148]: Unhandled exception
Traceback (most recent call last):
  File "D:\a\yasb\yasb\src\core\widgets\yasb\media.py", line 633, in _update_interpolated_position
RuntimeError: wrapped C/C++ object of type MediaWidget has been deleted

During handling of the above exception, another exception occurred:

Traceback (most recent call last):
  File "D:\a\yasb\yasb\src\core\utils\widgets\media\media.py", line 395, in _interpolate_timeline
  File "D:\a\yasb\yasb\src\core\widgets\yasb\media.py", line 202, in <lambda>
  File "D:\a\yasb\yasb\src\core\widgets\yasb\media.py", line 659, in _update_interpolated_position
RuntimeError: wrapped C/C++ object of type MediaWidget has been deleted
2025-11-21 11:58:04,920 [INFO] [MainThread] [root/log.py:59]: YASB v1.8.4
2025-11-21 11:58:04,922 [INFO] [Thread-1 (_run_server)] [cli_server/cli_server.py:212]: CLI server started v1.1.3
2025-11-21 11:58:04,922 [INFO] [MainThread] [cli_server/cli_server.py:104]: Log pipe server started
2025-11-21 11:58:04,923 [ERROR] [MainThread] [root/main.py:76]: Another instance of the YASB is already running.
2025-11-21 11:58:05,139 [INFO] [MainThread] [root/log.py:59]: YASB v1.8.4
2025-11-21 11:58:05,141 [INFO] [Thread-1 (_run_server)] [cli_server/cli_server.py:212]: CLI server started v1.1.3
2025-11-21 11:58:05,141 [INFO] [MainThread] [cli_server/cli_server.py:104]: Log pipe server started
2025-11-21 11:58:05,249 [DEBUG] [MainThread] [comtypes/__init__.py:149]: CoInitializeEx(None, 2)
2025-11-21 11:58:05,421 [DEBUG] [MainThread] [tzlocal/win32.py:55]: Looking up time zone info from registry
2025-11-21 11:58:06,538 [INFO] [MainThread] [root/bar_manager.py:85]: Starting KomorebiEventListener...
2025-11-21 11:58:06,538 [INFO] [MainThread] [root/bar_manager.py:85]: Starting SystemEventListener...
2025-11-21 11:58:06,538 [INFO] [MainThread] [root/watcher.py:54]: Created file watcher for path C:\Users\fabri\.config\yasb
2025-11-21 11:58:06,567 [INFO] [Dummy-5] [root/event_listener.py:51]: Created named pipe yasb-7cb53430-c6ea-11f0-bc3c-dc454698955e
2025-11-21 11:58:06,597 [INFO] [MainThread] [root/update_service.py:321]: Background update checker started
2025-11-21 11:58:06,597 [DEBUG] [MainThread] [qasync._windows._EventPoller/_windows.py:215]: Starting (proactor: <_IocpProactor overlapped#=0 result#=0>)...
2025-11-21 11:58:06,598 [DEBUG] [Dummy-8] [qasync._windows._EventWorker/_windows.py:195]: Thread started
2025-11-21 11:58:06,698 [INFO] [MainThread] [root/api.py:69]: Fetching new weather data at 2025-11-21 11:58:06.698778
2025-11-21 11:59:21,387 [INFO] [Thread-1 (_run_server)] [cli_server/cli_server.py:253]: CLI server received command: stop
2025-11-21 11:59:21,387 [INFO] [Thread-1 (_run_server)] [root/controller.py:35]: Exiting Application from CLI...
2025-11-21 11:59:21,501 [INFO] [Thread-1 (_run_server)] [cli_server/cli_server.py:112]: Log pipe server stopped
2025-11-21 11:59:21,501 [DEBUG] [Thread-1 (_run_server)] [cli_server/cli_server.py:206]: CLI server stopped
2025-11-21 11:59:21,547 [INFO] [MainThread] [root/bar_manager.py:92]: Stopping KomorebiEventListener...
2025-11-21 11:59:21,547 [INFO] [MainThread] [root/bar_manager.py:92]: Stopping SystemEventListener...
2025-11-21 11:59:21,580 [DEBUG] [MainThread] [qasync._windows._EventPoller/_windows.py:220]: Stopping worker thread...
2025-11-21 11:59:21,595 [DEBUG] [Dummy-8] [qasync._windows._EventWorker/_windows.py:204]: Exiting thread
2025-11-21 11:59:21,599 [DEBUG] [MainThread] [qasync._windows._IocpProactor/_windows.py:78]: Closing
2025-11-21 11:59:22,613 [INFO] [MainThread] [root/log.py:59]: YASB v1.8.4
2025-11-21 11:59:22,614 [INFO] [Thread-1 (_run_server)] [cli_server/cli_server.py:212]: CLI server started v1.1.3
2025-11-21 11:59:22,614 [INFO] [MainThread] [cli_server/cli_server.py:104]: Log pipe server started
2025-11-21 11:59:22,811 [DEBUG] [MainThread] [tzlocal/win32.py:55]: Looking up time zone info from registry
2025-11-21 11:59:23,732 [DEBUG] [MainThread] [comtypes/__init__.py:149]: CoInitializeEx(None, 2)
2025-11-21 11:59:24,114 [INFO] [MainThread] [core.utils.widgets.taskbar.window_manager/window_manager.py:191]: TaskbarWindowManager is starting...
2025-11-21 11:59:24,116 [INFO] [MainThread] [root/bar_manager.py:85]: Starting WindowsNotificationEventListener...
2025-11-21 11:59:24,117 [INFO] [MainThread] [root/watcher.py:54]: Created file watcher for path C:\Users\fabri\.config\yasb
2025-11-21 11:59:24,152 [INFO] [MainThread] [root/update_service.py:321]: Background update checker started
2025-11-21 11:59:24,152 [DEBUG] [MainThread] [qasync._windows._EventPoller/_windows.py:215]: Starting (proactor: <_IocpProactor overlapped#=0 result#=0>)...
2025-11-21 11:59:24,153 [DEBUG] [Dummy-5] [qasync._windows._EventWorker/_windows.py:195]: Thread started
2025-11-21 11:59:24,314 [DEBUG] [MainThread] [systray_widget/systray.py:549]: Loading state from C:\Users\fabri\AppData\Local\YASB\systray_state_DELLINCDELLP2723QE9J3LM54.json
2025-11-21 11:59:24,322 [DEBUG] [TrayMonitor] [systray_widget/systray.py:58]: Systray thread is starting...
2025-11-21 11:59:24,322 [DEBUG] [TaskbarService] [systray_widget/systray.py:72]: TaskbarService thread is starting...
2025-11-21 11:59:24,336 [DEBUG] [TaskbarService] [root/tasks_service.py:75]: Found yasb systray hwnd: 1444102
2025-11-21 11:59:24,336 [DEBUG] [TaskbarService] [systray_widget/tasks_service.py:81]: Adding TaskbandHWND prop to hwnd 1444102
2025-11-21 11:59:24,347 [DEBUG] [MainThread] [systray_widget/systray.py:298]: Systray thread started
2025-11-21 11:59:24,416 [INFO] [MainThread] [root/api.py:69]: Fetching new weather data at 2025-11-21 11:59:24.416603
2025-11-21 11:59:24,549 [DEBUG] [TaskbarService] [systray_widget/tasks_service.py:81]: Adding TaskbandHWND prop to hwnd 1444102
2025-11-21 11:59:24,551 [DEBUG] [TrayMonitor] [systray_widget/tray_monitor.py:228]: Finding real tray hwnd
2025-11-21 11:59:24,575 [DEBUG] [MainThread] [systray_widget/tray_monitor.py:154]: Sending TaskbarCreated message: 49255
2025-11-21 11:59:25,589 [DEBUG] [MainThread] [systray_widget/systray.py:487]: Re-sorting widgets
2025-11-21 11:59:25,589 [DEBUG] [MainThread] [systray_widget/systray.py:509]: Updating current state
2025-11-21 11:59:27,078 [DEBUG] [MainThread] [systray_widget/systray.py:487]: Re-sorting widgets
2025-11-21 11:59:27,078 [DEBUG] [MainThread] [systray_widget/systray.py:509]: Updating current state
2025-11-21 11:59:33,633 [DEBUG] [MainThread] [systray_widget/systray.py:487]: Re-sorting widgets
2025-11-21 11:59:33,634 [DEBUG] [MainThread] [systray_widget/systray.py:509]: Updating current state
2025-11-21 11:59:48,453 [INFO] [Thread-1 (_run_server)] [cli_server/cli_server.py:253]: CLI server received command: stop
2025-11-21 11:59:48,454 [INFO] [Thread-1 (_run_server)] [root/controller.py:35]: Exiting Application from CLI...
2025-11-21 11:59:48,562 [INFO] [Thread-1 (_run_server)] [cli_server/cli_server.py:112]: Log pipe server stopped
2025-11-21 11:59:48,563 [DEBUG] [Thread-1 (_run_server)] [cli_server/cli_server.py:206]: CLI server stopped
2025-11-21 11:59:48,608 [INFO] [MainThread] [root/bar_manager.py:92]: Stopping WindowsNotificationEventListener...
2025-11-21 11:59:48,609 [INFO] [MainThread] [core.utils.widgets.taskbar.window_manager/window_manager.py:218]: TaskbarWindowManager stopped
2025-11-21 11:59:48,611 [DEBUG] [MainThread] [systray_widget/systray.py:509]: Updating current state
2025-11-21 11:59:48,611 [DEBUG] [MainThread] [systray_widget/systray.py:527]: Saving state to disk
2025-11-21 11:59:48,611 [DEBUG] [MainThread] [systray_widget/systray.py:531]: Saving state to C:\Users\fabri\AppData\Local\YASB\systray_state_DELLINCDELLP2723QE9J3LM54.json
2025-11-21 11:59:48,611 [DEBUG] [MainThread] [systray_widget/utils.py:96]: Destroying window 1444102
2025-11-21 11:59:48,612 [DEBUG] [MainThread] [systray_widget/utils.py:96]: Destroying window 2361498
2025-11-21 11:59:48,640 [DEBUG] [MainThread] [qasync._windows._EventPoller/_windows.py:220]: Stopping worker thread...
2025-11-21 11:59:48,656 [DEBUG] [Dummy-5] [qasync._windows._EventWorker/_windows.py:204]: Exiting thread
2025-11-21 11:59:48,661 [DEBUG] [MainThread] [qasync._windows._IocpProactor/_windows.py:78]: Closing
2025-11-21 11:59:48,686 [DEBUG] [MainThread] [systray_widget/utils.py:96]: Destroying window 2361498
2025-11-21 11:59:48,686 [DEBUG] [MainThread] [systray_widget/utils.py:96]: Destroying window 1444102
2025-11-21 11:59:49,347 [INFO] [MainThread] [root/log.py:59]: YASB v1.8.4
2025-11-21 11:59:49,349 [INFO] [Thread-1 (_run_server)] [cli_server/cli_server.py:212]: CLI server started v1.1.3
2025-11-21 11:59:49,349 [INFO] [MainThread] [cli_server/cli_server.py:104]: Log pipe server started
2025-11-21 11:59:50,695 [INFO] [MainThread] [root/bar_manager.py:85]: Starting KomorebiEventListener...
2025-11-21 11:59:50,697 [INFO] [MainThread] [root/watcher.py:54]: Created file watcher for path C:\Users\fabri\.config\yasb
2025-11-21 11:59:50,710 [INFO] [Dummy-5] [root/event_listener.py:51]: Created named pipe yasb-baca6c0e-c6ea-11f0-92ae-dc454698955e
2025-11-21 11:59:50,727 [INFO] [MainThread] [root/update_service.py:321]: Background update checker started
2025-11-21 11:59:50,727 [DEBUG] [MainThread] [qasync._windows._EventPoller/_windows.py:215]: Starting (proactor: <_IocpProactor overlapped#=0 result#=0>)...
2025-11-21 11:59:50,728 [DEBUG] [Dummy-6] [qasync._windows._EventWorker/_windows.py:195]: Thread started
2025-11-21 11:59:56,462 [INFO] [Thread-1 (_run_server)] [cli_server/cli_server.py:253]: CLI server received command: stop
2025-11-21 11:59:56,462 [INFO] [Thread-1 (_run_server)] [root/controller.py:35]: Exiting Application from CLI...
2025-11-21 11:59:56,571 [INFO] [Thread-1 (_run_server)] [cli_server/cli_server.py:112]: Log pipe server stopped
2025-11-21 11:59:56,572 [DEBUG] [Thread-1 (_run_server)] [cli_server/cli_server.py:206]: CLI server stopped
2025-11-21 11:59:56,614 [INFO] [MainThread] [root/bar_manager.py:92]: Stopping KomorebiEventListener...
2025-11-21 11:59:56,615 [DEBUG] [MainThread] [qasync._windows._EventPoller/_windows.py:220]: Stopping worker thread...
2025-11-21 11:59:56,618 [DEBUG] [Dummy-6] [qasync._windows._EventWorker/_windows.py:204]: Exiting thread
2025-11-21 11:59:56,621 [DEBUG] [MainThread] [qasync._windows._IocpProactor/_windows.py:78]: Closing
2025-11-21 11:59:57,389 [INFO] [MainThread] [root/log.py:59]: YASB v1.8.4
2025-11-21 11:59:57,390 [INFO] [Thread-1 (_run_server)] [cli_server/cli_server.py:212]: CLI server started v1.1.3
2025-11-21 11:59:57,390 [INFO] [MainThread] [cli_server/cli_server.py:104]: Log pipe server started
2025-11-21 11:59:57,583 [DEBUG] [MainThread] [tzlocal/win32.py:55]: Looking up time zone info from registry
2025-11-21 11:59:58,605 [DEBUG] [MainThread] [comtypes/__init__.py:149]: CoInitializeEx(None, 2)
2025-11-21 11:59:58,963 [INFO] [MainThread] [core.utils.widgets.taskbar.window_manager/window_manager.py:191]: TaskbarWindowManager is starting...
2025-11-21 11:59:58,966 [INFO] [MainThread] [root/bar_manager.py:85]: Starting WindowsNotificationEventListener...
2025-11-21 11:59:58,967 [INFO] [MainThread] [root/watcher.py:54]: Created file watcher for path C:\Users\fabri\.config\yasb
2025-11-21 11:59:59,007 [INFO] [MainThread] [root/update_service.py:321]: Background update checker started
2025-11-21 11:59:59,007 [DEBUG] [MainThread] [qasync._windows._EventPoller/_windows.py:215]: Starting (proactor: <_IocpProactor overlapped#=0 result#=0>)...
2025-11-21 11:59:59,008 [DEBUG] [Dummy-5] [qasync._windows._EventWorker/_windows.py:195]: Thread started
2025-11-21 11:59:59,140 [DEBUG] [MainThread] [systray_widget/systray.py:549]: Loading state from C:\Users\fabri\AppData\Local\YASB\systray_state_DELLINCDELLP2723QE9J3LM54.json
2025-11-21 11:59:59,148 [DEBUG] [TrayMonitor] [systray_widget/systray.py:58]: Systray thread is starting...
2025-11-21 11:59:59,148 [DEBUG] [TaskbarService] [systray_widget/systray.py:72]: TaskbarService thread is starting...
2025-11-21 11:59:59,161 [DEBUG] [TaskbarService] [root/tasks_service.py:75]: Found yasb systray hwnd: 3147696
2025-11-21 11:59:59,162 [DEBUG] [TaskbarService] [systray_widget/tasks_service.py:81]: Adding TaskbandHWND prop to hwnd 3147696
2025-11-21 11:59:59,173 [DEBUG] [MainThread] [systray_widget/systray.py:298]: Systray thread started
2025-11-21 11:59:59,226 [INFO] [MainThread] [root/api.py:69]: Fetching new weather data at 2025-11-21 11:59:59.225965
2025-11-21 11:59:59,373 [DEBUG] [TaskbarService] [systray_widget/tasks_service.py:81]: Adding TaskbandHWND prop to hwnd 3147696
2025-11-21 11:59:59,374 [DEBUG] [TrayMonitor] [systray_widget/tray_monitor.py:228]: Finding real tray hwnd
2025-11-21 11:59:59,396 [DEBUG] [MainThread] [systray_widget/tray_monitor.py:154]: Sending TaskbarCreated message: 49255
2025-11-21 12:00:00,417 [DEBUG] [MainThread] [systray_widget/systray.py:487]: Re-sorting widgets
2025-11-21 12:00:00,418 [DEBUG] [MainThread] [systray_widget/systray.py:509]: Updating current state
2025-11-21 12:00:01,848 [INFO] [Thread-1 (_run_server)] [cli_server/cli_server.py:253]: CLI server received command: stop
2025-11-21 12:00:01,848 [INFO] [Thread-1 (_run_server)] [root/controller.py:35]: Exiting Application from CLI...
2025-11-21 12:00:01,950 [INFO] [Thread-1 (_run_server)] [cli_server/cli_server.py:112]: Log pipe server stopped
2025-11-21 12:00:01,950 [DEBUG] [Thread-1 (_run_server)] [cli_server/cli_server.py:206]: CLI server stopped
2025-11-21 12:00:01,996 [INFO] [MainThread] [root/bar_manager.py:92]: Stopping WindowsNotificationEventListener...
2025-11-21 12:00:01,997 [INFO] [MainThread] [core.utils.widgets.taskbar.window_manager/window_manager.py:218]: TaskbarWindowManager stopped
2025-11-21 12:00:01,998 [DEBUG] [MainThread] [systray_widget/systray.py:509]: Updating current state
2025-11-21 12:00:01,998 [DEBUG] [MainThread] [systray_widget/systray.py:527]: Saving state to disk
2025-11-21 12:00:01,999 [DEBUG] [MainThread] [systray_widget/systray.py:531]: Saving state to C:\Users\fabri\AppData\Local\YASB\systray_state_DELLINCDELLP2723QE9J3LM54.json
2025-11-21 12:00:01,999 [DEBUG] [MainThread] [systray_widget/utils.py:96]: Destroying window 3147696
2025-11-21 12:00:01,999 [DEBUG] [MainThread] [systray_widget/utils.py:96]: Destroying window 1313310
2025-11-21 12:00:02,030 [DEBUG] [MainThread] [qasync._windows._EventPoller/_windows.py:220]: Stopping worker thread...
2025-11-21 12:00:02,041 [DEBUG] [Dummy-5] [qasync._windows._EventWorker/_windows.py:204]: Exiting thread
2025-11-21 12:00:02,049 [DEBUG] [MainThread] [qasync._windows._IocpProactor/_windows.py:78]: Closing
2025-11-21 12:00:02,083 [DEBUG] [MainThread] [systray_widget/utils.py:96]: Destroying window 1313310
2025-11-21 12:00:02,083 [DEBUG] [MainThread] [systray_widget/utils.py:96]: Destroying window 3147696
2025-11-21 12:00:02,780 [INFO] [MainThread] [root/log.py:59]: YASB v1.8.4
2025-11-21 12:00:02,782 [INFO] [Thread-1 (_run_server)] [cli_server/cli_server.py:212]: CLI server started v1.1.3
2025-11-21 12:00:02,783 [INFO] [MainThread] [cli_server/cli_server.py:104]: Log pipe server started
2025-11-21 12:00:02,928 [DEBUG] [MainThread] [tzlocal/win32.py:55]: Looking up time zone info from registry
2025-11-21 12:00:03,879 [DEBUG] [MainThread] [comtypes/__init__.py:149]: CoInitializeEx(None, 2)
2025-11-21 12:00:04,126 [INFO] [MainThread] [core.utils.widgets.taskbar.window_manager/window_manager.py:191]: TaskbarWindowManager is starting...
2025-11-21 12:00:04,128 [INFO] [MainThread] [root/bar_manager.py:85]: Starting WindowsNotificationEventListener...
2025-11-21 12:00:04,128 [INFO] [MainThread] [root/watcher.py:54]: Created file watcher for path C:\Users\fabri\.config\yasb
2025-11-21 12:00:04,164 [INFO] [MainThread] [root/update_service.py:321]: Background update checker started
2025-11-21 12:00:04,164 [DEBUG] [MainThread] [qasync._windows._EventPoller/_windows.py:215]: Starting (proactor: <_IocpProactor overlapped#=0 result#=0>)...
2025-11-21 12:00:04,165 [DEBUG] [Dummy-5] [qasync._windows._EventWorker/_windows.py:195]: Thread started
2025-11-21 12:00:25,896 [DEBUG] [MainThread] [wifi_widget/wifi_managers.py:262]: Scanning for WiFi networks...
2025-11-21 12:00:34,914 [INFO] [Thread-1 (_run_server)] [cli_server/cli_server.py:253]: CLI server received command: stop
2025-11-21 12:00:34,915 [INFO] [Thread-1 (_run_server)] [root/controller.py:35]: Exiting Application from CLI...
2025-11-21 12:00:35,025 [INFO] [Thread-1 (_run_server)] [cli_server/cli_server.py:112]: Log pipe server stopped
2025-11-21 12:00:35,025 [DEBUG] [Thread-1 (_run_server)] [cli_server/cli_server.py:206]: CLI server stopped
2025-11-21 12:00:35,029 [INFO] [MainThread] [root/bar_manager.py:92]: Stopping WindowsNotificationEventListener...
2025-11-21 12:00:35,029 [INFO] [MainThread] [core.utils.widgets.taskbar.window_manager/window_manager.py:218]: TaskbarWindowManager stopped
2025-11-21 12:00:35,030 [DEBUG] [MainThread] [qasync._windows._EventPoller/_windows.py:220]: Stopping worker thread...
2025-11-21 12:00:35,041 [DEBUG] [Dummy-5] [qasync._windows._EventWorker/_windows.py:204]: Exiting thread
2025-11-21 12:00:35,042 [DEBUG] [MainThread] [qasync._windows._IocpProactor/_windows.py:78]: Closing
2025-11-21 12:00:35,752 [INFO] [MainThread] [root/log.py:59]: YASB v1.8.4
2025-11-21 12:00:35,753 [INFO] [Thread-1 (_run_server)] [cli_server/cli_server.py:212]: CLI server started v1.1.3
2025-11-21 12:00:35,753 [INFO] [MainThread] [cli_server/cli_server.py:104]: Log pipe server started
2025-11-21 12:00:35,930 [DEBUG] [MainThread] [tzlocal/win32.py:55]: Looking up time zone info from registry
2025-11-21 12:00:36,927 [DEBUG] [MainThread] [comtypes/__init__.py:149]: CoInitializeEx(None, 2)
2025-11-21 12:00:37,433 [INFO] [MainThread] [core.utils.widgets.taskbar.window_manager/window_manager.py:191]: TaskbarWindowManager is starting...
2025-11-21 12:00:37,437 [INFO] [MainThread] [root/bar_manager.py:85]: Starting WindowsNotificationEventListener...
2025-11-21 12:00:37,438 [INFO] [MainThread] [root/watcher.py:54]: Created file watcher for path C:\Users\fabri\.config\yasb
2025-11-21 12:00:37,478 [INFO] [MainThread] [root/update_service.py:321]: Background update checker started
2025-11-21 12:00:37,478 [DEBUG] [MainThread] [qasync._windows._EventPoller/_windows.py:215]: Starting (proactor: <_IocpProactor overlapped#=0 result#=0>)...
2025-11-21 12:00:37,479 [DEBUG] [Dummy-5] [qasync._windows._EventWorker/_windows.py:195]: Thread started
2025-11-21 12:00:37,620 [DEBUG] [MainThread] [systray_widget/systray.py:549]: Loading state from C:\Users\fabri\AppData\Local\YASB\systray_state_DELLINCDELLP2723QE9J3LM54.json
2025-11-21 12:00:37,629 [DEBUG] [TrayMonitor] [systray_widget/systray.py:58]: Systray thread is starting...
2025-11-21 12:00:37,630 [DEBUG] [TaskbarService] [systray_widget/systray.py:72]: TaskbarService thread is starting...
2025-11-21 12:00:37,645 [DEBUG] [TaskbarService] [root/tasks_service.py:75]: Found yasb systray hwnd: 1837246
2025-11-21 12:00:37,645 [DEBUG] [TaskbarService] [systray_widget/tasks_service.py:81]: Adding TaskbandHWND prop to hwnd 1837246
2025-11-21 12:00:37,655 [DEBUG] [MainThread] [systray_widget/systray.py:298]: Systray thread started
2025-11-21 12:00:37,746 [INFO] [MainThread] [root/api.py:69]: Fetching new weather data at 2025-11-21 12:00:37.746406
2025-11-21 12:00:37,777 [DEBUG] [TrayMonitor] [systray_widget/tray_monitor.py:228]: Finding real tray hwnd
2025-11-21 12:00:37,856 [DEBUG] [TaskbarService] [systray_widget/tasks_service.py:81]: Adding TaskbandHWND prop to hwnd 1837246
2025-11-21 12:00:37,884 [DEBUG] [MainThread] [systray_widget/tray_monitor.py:154]: Sending TaskbarCreated message: 49255
2025-11-21 12:00:39,096 [DEBUG] [MainThread] [systray_widget/systray.py:487]: Re-sorting widgets
2025-11-21 12:00:39,097 [DEBUG] [MainThread] [systray_widget/systray.py:509]: Updating current state
2025-11-21 12:00:48,782 [DEBUG] [MainThread] [systray_widget/systray.py:487]: Re-sorting widgets
2025-11-21 12:00:48,783 [DEBUG] [MainThread] [systray_widget/systray.py:509]: Updating current state
2025-11-21 12:04:13,874 [DEBUG] [TrayMonitor] [systray_widget/tray_monitor.py:228]: Finding real tray hwnd
2025-11-21 12:04:15,186 [DEBUG] [TaskbarService] [systray_widget/tasks_service.py:81]: Adding TaskbandHWND prop to hwnd 1837246
2025-11-21 12:04:16,467 [DEBUG] [MainThread] [systray_widget/systray.py:487]: Re-sorting widgets
2025-11-21 12:04:16,467 [DEBUG] [MainThread] [systray_widget/systray.py:509]: Updating current state
2025-11-21 12:04:18,020 [DEBUG] [MainThread] [systray_widget/systray.py:487]: Re-sorting widgets
2025-11-21 12:04:18,021 [DEBUG] [MainThread] [systray_widget/systray.py:509]: Updating current state
2025-11-21 12:05:37,102 [DEBUG] [TrayMonitor] [systray_widget/tray_monitor.py:228]: Finding real tray hwnd
2025-11-21 12:05:38,219 [DEBUG] [TaskbarService] [systray_widget/tasks_service.py:81]: Adding TaskbandHWND prop to hwnd 1837246
2025-11-21 12:05:39,460 [DEBUG] [MainThread] [systray_widget/systray.py:487]: Re-sorting widgets
2025-11-21 12:05:39,460 [DEBUG] [MainThread] [systray_widget/systray.py:509]: Updating current state
2025-11-21 12:05:42,093 [DEBUG] [MainThread] [systray_widget/systray.py:487]: Re-sorting widgets
2025-11-21 12:05:42,094 [DEBUG] [MainThread] [systray_widget/systray.py:509]: Updating current state
2025-11-21 12:06:52,742 [INFO] [Thread-1 (_run_server)] [cli_server/cli_server.py:253]: CLI server received command: stop
2025-11-21 12:06:52,742 [INFO] [Thread-1 (_run_server)] [root/controller.py:35]: Exiting Application from CLI...
2025-11-21 12:06:52,850 [INFO] [Thread-1 (_run_server)] [cli_server/cli_server.py:112]: Log pipe server stopped
2025-11-21 12:06:52,850 [DEBUG] [Thread-1 (_run_server)] [cli_server/cli_server.py:206]: CLI server stopped
2025-11-21 12:06:52,854 [INFO] [MainThread] [root/bar_manager.py:92]: Stopping WindowsNotificationEventListener...
2025-11-21 12:06:52,855 [INFO] [MainThread] [core.utils.widgets.taskbar.window_manager/window_manager.py:218]: TaskbarWindowManager stopped
2025-11-21 12:06:52,856 [DEBUG] [MainThread] [systray_widget/systray.py:509]: Updating current state
2025-11-21 12:06:52,856 [DEBUG] [MainThread] [systray_widget/systray.py:527]: Saving state to disk
2025-11-21 12:06:52,856 [DEBUG] [MainThread] [systray_widget/systray.py:531]: Saving state to C:\Users\fabri\AppData\Local\YASB\systray_state_DELLINCDELLP2723QE9J3LM54.json
2025-11-21 12:06:52,857 [DEBUG] [MainThread] [systray_widget/utils.py:96]: Destroying window 1837246
2025-11-21 12:06:52,857 [DEBUG] [MainThread] [systray_widget/utils.py:96]: Destroying window 1182476
2025-11-21 12:06:52,862 [DEBUG] [MainThread] [qasync._windows._EventPoller/_windows.py:220]: Stopping worker thread...
2025-11-21 12:06:52,865 [DEBUG] [Dummy-5] [qasync._windows._EventWorker/_windows.py:204]: Exiting thread
2025-11-21 12:06:52,867 [DEBUG] [MainThread] [qasync._windows._IocpProactor/_windows.py:78]: Closing
2025-11-21 12:06:52,875 [DEBUG] [MainThread] [systray_widget/utils.py:96]: Destroying window 1182476
2025-11-21 12:06:52,875 [DEBUG] [MainThread] [systray_widget/utils.py:96]: Destroying window 1837246
2025-11-21 12:06:53,888 [INFO] [MainThread] [root/log.py:59]: YASB v1.8.4
2025-11-21 12:06:53,888 [INFO] [Thread-1 (_run_server)] [cli_server/cli_server.py:212]: CLI server started v1.1.3
2025-11-21 12:06:53,889 [INFO] [MainThread] [cli_server/cli_server.py:104]: Log pipe server started
2025-11-21 12:06:54,030 [DEBUG] [MainThread] [tzlocal/win32.py:55]: Looking up time zone info from registry
2025-11-21 12:06:55,117 [DEBUG] [MainThread] [comtypes/__init__.py:149]: CoInitializeEx(None, 2)
2025-11-21 12:06:55,577 [INFO] [MainThread] [core.utils.widgets.taskbar.window_manager/window_manager.py:191]: TaskbarWindowManager is starting...
2025-11-21 12:06:55,579 [INFO] [MainThread] [root/bar_manager.py:85]: Starting WindowsNotificationEventListener...
2025-11-21 12:06:55,581 [INFO] [MainThread] [root/watcher.py:54]: Created file watcher for path C:\Users\fabri\.config\yasb
2025-11-21 12:06:55,622 [INFO] [MainThread] [root/update_service.py:321]: Background update checker started
2025-11-21 12:06:55,622 [DEBUG] [MainThread] [qasync._windows._EventPoller/_windows.py:215]: Starting (proactor: <_IocpProactor overlapped#=0 result#=0>)...
2025-11-21 12:06:55,624 [DEBUG] [Dummy-5] [qasync._windows._EventWorker/_windows.py:195]: Thread started
2025-11-21 12:23:43,991 [DEBUG] [MainThread] [wifi_widget/wifi_managers.py:262]: Scanning for WiFi networks...
2025-11-21 12:23:49,646 [DEBUG] [MainThread] [wifi_widget/wifi_managers.py:262]: Scanning for WiFi networks...
2025-11-21 12:27:47,513 [INFO] [MainThread] [root/controller.py:15]: Reloading Bar from context menu...
2025-11-21 12:27:47,623 [INFO] [MainThread] [cli_server/cli_server.py:112]: Log pipe server stopped
2025-11-21 12:27:47,624 [DEBUG] [MainThread] [cli_server/cli_server.py:206]: CLI server stopped
2025-11-21 12:27:47,647 [INFO] [MainThread] [root/bar_manager.py:92]: Stopping WindowsNotificationEventListener...
2025-11-21 12:27:47,648 [INFO] [MainThread] [core.utils.widgets.taskbar.window_manager/window_manager.py:218]: TaskbarWindowManager stopped
2025-11-21 12:27:47,654 [DEBUG] [MainThread] [qasync._windows._EventPoller/_windows.py:220]: Stopping worker thread...
2025-11-21 12:27:47,654 [DEBUG] [Dummy-5] [qasync._windows._EventWorker/_windows.py:204]: Exiting thread
2025-11-21 12:27:47,657 [DEBUG] [MainThread] [qasync._windows._IocpProactor/_windows.py:78]: Closing
2025-11-21 12:27:47,941 [INFO] [MainThread] [root/log.py:59]: YASB v1.8.4
2025-11-21 12:27:47,942 [INFO] [Thread-1 (_run_server)] [cli_server/cli_server.py:212]: CLI server started v1.1.3
2025-11-21 12:27:47,942 [INFO] [MainThread] [cli_server/cli_server.py:104]: Log pipe server started
2025-11-21 12:27:48,085 [DEBUG] [MainThread] [tzlocal/win32.py:55]: Looking up time zone info from registry
2025-11-21 12:27:49,173 [DEBUG] [MainThread] [comtypes/__init__.py:149]: CoInitializeEx(None, 2)
2025-11-21 12:27:49,605 [INFO] [MainThread] [core.utils.widgets.taskbar.window_manager/window_manager.py:191]: TaskbarWindowManager is starting...
2025-11-21 12:27:49,608 [INFO] [MainThread] [root/bar_manager.py:85]: Starting WindowsNotificationEventListener...
2025-11-21 12:27:49,609 [INFO] [MainThread] [root/watcher.py:54]: Created file watcher for path C:\Users\fabri\.config\yasb
2025-11-21 12:27:49,644 [INFO] [MainThread] [root/update_service.py:321]: Background update checker started
2025-11-21 12:27:49,644 [DEBUG] [MainThread] [qasync._windows._EventPoller/_windows.py:215]: Starting (proactor: <_IocpProactor overlapped#=0 result#=0>)...
2025-11-21 12:27:49,646 [DEBUG] [Dummy-5] [qasync._windows._EventWorker/_windows.py:195]: Thread started
2025-11-21 12:30:07,375 [INFO] [Thread-1 (_run_server)] [cli_server/cli_server.py:253]: CLI server received command: stop
2025-11-21 12:30:07,375 [INFO] [Thread-1 (_run_server)] [root/controller.py:35]: Exiting Application from CLI...
2025-11-21 12:30:07,476 [INFO] [Thread-1 (_run_server)] [cli_server/cli_server.py:112]: Log pipe server stopped
2025-11-21 12:30:07,476 [DEBUG] [Thread-1 (_run_server)] [cli_server/cli_server.py:206]: CLI server stopped
2025-11-21 12:30:07,481 [INFO] [MainThread] [root/bar_manager.py:92]: Stopping WindowsNotificationEventListener...
2025-11-21 12:30:07,482 [INFO] [MainThread] [core.utils.widgets.taskbar.window_manager/window_manager.py:218]: TaskbarWindowManager stopped
2025-11-21 12:30:07,483 [DEBUG] [MainThread] [qasync._windows._EventPoller/_windows.py:220]: Stopping worker thread...
2025-11-21 12:30:07,492 [DEBUG] [Dummy-5] [qasync._windows._EventWorker/_windows.py:204]: Exiting thread
2025-11-21 12:30:07,493 [DEBUG] [MainThread] [qasync._windows._IocpProactor/_windows.py:78]: Closing
2025-11-21 12:30:08,521 [INFO] [MainThread] [root/log.py:59]: YASB v1.8.4
2025-11-21 12:30:08,522 [INFO] [Thread-1 (_run_server)] [cli_server/cli_server.py:212]: CLI server started v1.1.3
2025-11-21 12:30:08,522 [INFO] [MainThread] [cli_server/cli_server.py:104]: Log pipe server started
2025-11-21 12:30:08,622 [DEBUG] [MainThread] [comtypes/__init__.py:149]: CoInitializeEx(None, 2)
2025-11-21 12:30:08,712 [DEBUG] [MainThread] [tzlocal/win32.py:55]: Looking up time zone info from registry
2025-11-21 12:30:09,743 [INFO] [MainThread] [root/api.py:60]: GitHubDataManager started...
2025-11-21 12:30:09,977 [ERROR] [Thread-3 (_fetch)] [root/api.py:315]: GitHubDataManager no internet connection. Unable to fetch notifications.
2025-11-21 12:30:10,133 [INFO] [MainThread] [root/bar_manager.py:85]: Starting SystemEventListener...
2025-11-21 12:30:10,134 [INFO] [MainThread] [root/bar_manager.py:85]: Starting WindowsNotificationEventListener...
2025-11-21 12:30:10,136 [INFO] [MainThread] [root/watcher.py:54]: Created file watcher for path C:\Users\fabri\.config\yasb
2025-11-21 12:30:10,194 [INFO] [MainThread] [root/update_service.py:321]: Background update checker started
2025-11-21 12:30:10,194 [DEBUG] [MainThread] [qasync._windows._EventPoller/_windows.py:215]: Starting (proactor: <_IocpProactor overlapped#=0 result#=0>)...
2025-11-21 12:30:10,196 [DEBUG] [Dummy-6] [qasync._windows._EventWorker/_windows.py:195]: Thread started
2025-11-21 12:30:10,442 [ERROR] [MainThread] [root/api.py:82]: Weather API invalid JSON response: Expecting value: line 1 column 1 (char 0)
2025-11-21 12:30:10,442 [WARNING] [MainThread] [root/weather.py:524]: Error processing weather data: Weather data is empty.. Retrying fetch in 10 seconds.
2025-11-21 12:30:20,473 [ERROR] [MainThread] [root/api.py:82]: Weather API invalid JSON response: Expecting value: line 1 column 1 (char 0)
2025-11-21 12:30:20,473 [WARNING] [MainThread] [root/weather.py:524]: Error processing weather data: Weather data is empty.. Retrying fetch in 10 seconds.
2025-11-21 12:30:30,492 [ERROR] [MainThread] [root/api.py:82]: Weather API invalid JSON response: Expecting value: line 1 column 1 (char 0)
2025-11-21 12:30:30,493 [WARNING] [MainThread] [root/weather.py:524]: Error processing weather data: Weather data is empty.. Retrying fetch in 10 seconds.
2025-11-21 12:30:40,509 [ERROR] [MainThread] [root/api.py:82]: Weather API invalid JSON response: Expecting value: line 1 column 1 (char 0)
2025-11-21 12:30:40,509 [WARNING] [MainThread] [root/weather.py:524]: Error processing weather data: Weather data is empty.. Retrying fetch in 10 seconds.
2025-11-21 12:30:50,534 [ERROR] [MainThread] [root/api.py:82]: Weather API invalid JSON response: Expecting value: line 1 column 1 (char 0)
2025-11-21 12:30:50,534 [WARNING] [MainThread] [root/weather.py:524]: Error processing weather data: Weather data is empty.. Retrying fetch in 10 seconds.
2025-11-21 12:31:00,573 [ERROR] [MainThread] [root/api.py:82]: Weather API invalid JSON response: Expecting value: line 1 column 1 (char 0)
2025-11-21 12:31:00,574 [WARNING] [MainThread] [root/weather.py:524]: Error processing weather data: Weather data is empty.. Retrying fetch in 10 seconds.
2025-11-21 12:31:10,606 [ERROR] [MainThread] [root/api.py:82]: Weather API invalid JSON response: Expecting value: line 1 column 1 (char 0)
2025-11-21 12:31:10,606 [WARNING] [MainThread] [root/weather.py:524]: Error processing weather data: Weather data is empty.. Retrying fetch in 10 seconds.
2025-11-21 12:31:20,627 [ERROR] [MainThread] [root/api.py:82]: Weather API invalid JSON response: Expecting value: line 1 column 1 (char 0)
2025-11-21 12:31:20,628 [WARNING] [MainThread] [root/weather.py:524]: Error processing weather data: Weather data is empty.. Retrying fetch in 10 seconds.
2025-11-21 12:31:30,664 [ERROR] [MainThread] [root/api.py:82]: Weather API invalid JSON response: Expecting value: line 1 column 1 (char 0)
2025-11-21 12:31:30,664 [WARNING] [MainThread] [root/weather.py:524]: Error processing weather data: Weather data is empty.. Retrying fetch in 10 seconds.
2025-11-21 12:31:40,692 [ERROR] [MainThread] [root/api.py:82]: Weather API invalid JSON response: Expecting value: line 1 column 1 (char 0)
2025-11-21 12:31:40,693 [WARNING] [MainThread] [root/weather.py:524]: Error processing weather data: Weather data is empty.. Retrying fetch in 10 seconds.
2025-11-21 12:31:50,714 [ERROR] [MainThread] [root/api.py:82]: Weather API invalid JSON response: Expecting value: line 1 column 1 (char 0)
2025-11-21 12:31:50,715 [WARNING] [MainThread] [root/weather.py:524]: Error processing weather data: Weather data is empty.. Retrying fetch in 10 seconds.
2025-11-21 12:32:00,740 [ERROR] [MainThread] [root/api.py:82]: Weather API invalid JSON response: Expecting value: line 1 column 1 (char 0)
2025-11-21 12:32:00,741 [WARNING] [MainThread] [root/weather.py:524]: Error processing weather data: Weather data is empty.. Retrying fetch in 10 seconds.
2025-11-21 12:32:10,753 [ERROR] [MainThread] [root/api.py:82]: Weather API invalid JSON response: Expecting value: line 1 column 1 (char 0)
2025-11-21 12:32:10,753 [WARNING] [MainThread] [root/weather.py:524]: Error processing weather data: Weather data is empty.. Retrying fetch in 10 seconds.
2025-11-21 12:32:20,781 [ERROR] [MainThread] [root/api.py:82]: Weather API invalid JSON response: Expecting value: line 1 column 1 (char 0)
2025-11-21 12:32:20,781 [WARNING] [MainThread] [root/weather.py:524]: Error processing weather data: Weather data is empty.. Retrying fetch in 10 seconds.
2025-11-21 12:32:30,798 [ERROR] [MainThread] [root/api.py:82]: Weather API invalid JSON response: Expecting value: line 1 column 1 (char 0)
2025-11-21 12:32:30,798 [WARNING] [MainThread] [root/weather.py:524]: Error processing weather data: Weather data is empty.. Retrying fetch in 10 seconds.
2025-11-21 12:32:40,811 [ERROR] [MainThread] [root/api.py:82]: Weather API invalid JSON response: Expecting value: line 1 column 1 (char 0)
2025-11-21 12:32:40,811 [WARNING] [MainThread] [root/weather.py:524]: Error processing weather data: Weather data is empty.. Retrying fetch in 10 seconds.
2025-11-21 12:32:50,830 [ERROR] [MainThread] [root/api.py:82]: Weather API invalid JSON response: Expecting value: line 1 column 1 (char 0)
2025-11-21 12:32:50,831 [WARNING] [MainThread] [root/weather.py:524]: Error processing weather data: Weather data is empty.. Retrying fetch in 10 seconds.
2025-11-21 12:33:00,841 [ERROR] [MainThread] [root/api.py:82]: Weather API invalid JSON response: Expecting value: line 1 column 1 (char 0)
2025-11-21 12:33:00,841 [WARNING] [MainThread] [root/weather.py:524]: Error processing weather data: Weather data is empty.. Retrying fetch in 10 seconds.
2025-11-21 12:33:10,868 [ERROR] [MainThread] [root/api.py:82]: Weather API invalid JSON response: Expecting value: line 1 column 1 (char 0)
2025-11-21 12:33:10,868 [WARNING] [MainThread] [root/weather.py:524]: Error processing weather data: Weather data is empty.. Retrying fetch in 10 seconds.
2025-11-21 12:33:20,888 [ERROR] [MainThread] [root/api.py:82]: Weather API invalid JSON response: Expecting value: line 1 column 1 (char 0)
2025-11-21 12:33:20,888 [WARNING] [MainThread] [root/weather.py:524]: Error processing weather data: Weather data is empty.. Retrying fetch in 10 seconds.
2025-11-21 12:33:30,887 [ERROR] [MainThread] [root/api.py:82]: Weather API invalid JSON response: Expecting value: line 1 column 1 (char 0)
2025-11-21 12:33:30,887 [WARNING] [MainThread] [root/weather.py:524]: Error processing weather data: Weather data is empty.. Retrying fetch in 10 seconds.
2025-11-21 12:33:40,917 [ERROR] [MainThread] [root/api.py:82]: Weather API invalid JSON response: Expecting value: line 1 column 1 (char 0)
2025-11-21 12:33:40,917 [WARNING] [MainThread] [root/weather.py:524]: Error processing weather data: Weather data is empty.. Retrying fetch in 10 seconds.
2025-11-21 12:33:50,940 [ERROR] [MainThread] [root/api.py:82]: Weather API invalid JSON response: Expecting value: line 1 column 1 (char 0)
2025-11-21 12:33:50,940 [WARNING] [MainThread] [root/weather.py:524]: Error processing weather data: Weather data is empty.. Retrying fetch in 10 seconds.
2025-11-21 12:34:00,977 [ERROR] [MainThread] [root/api.py:82]: Weather API invalid JSON response: Expecting value: line 1 column 1 (char 0)
2025-11-21 12:34:00,977 [WARNING] [MainThread] [root/weather.py:524]: Error processing weather data: Weather data is empty.. Retrying fetch in 10 seconds.
2025-11-21 12:34:10,985 [ERROR] [MainThread] [root/api.py:82]: Weather API invalid JSON response: Expecting value: line 1 column 1 (char 0)
2025-11-21 12:34:10,985 [WARNING] [MainThread] [root/weather.py:524]: Error processing weather data: Weather data is empty.. Retrying fetch in 10 seconds.
2025-11-21 12:34:20,999 [ERROR] [MainThread] [root/api.py:82]: Weather API invalid JSON response: Expecting value: line 1 column 1 (char 0)
2025-11-21 12:34:21,000 [WARNING] [MainThread] [root/weather.py:524]: Error processing weather data: Weather data is empty.. Retrying fetch in 10 seconds.
2025-11-21 12:34:31,018 [ERROR] [MainThread] [root/api.py:82]: Weather API invalid JSON response: Expecting value: line 1 column 1 (char 0)
2025-11-21 12:34:31,018 [WARNING] [MainThread] [root/weather.py:524]: Error processing weather data: Weather data is empty.. Retrying fetch in 10 seconds.
2025-11-21 12:34:41,036 [ERROR] [MainThread] [root/api.py:82]: Weather API invalid JSON response: Expecting value: line 1 column 1 (char 0)
2025-11-21 12:34:41,036 [WARNING] [MainThread] [root/weather.py:524]: Error processing weather data: Weather data is empty.. Retrying fetch in 10 seconds.
2025-11-21 12:34:51,045 [ERROR] [MainThread] [root/api.py:82]: Weather API invalid JSON response: Expecting value: line 1 column 1 (char 0)
2025-11-21 12:34:51,045 [WARNING] [MainThread] [root/weather.py:524]: Error processing weather data: Weather data is empty.. Retrying fetch in 10 seconds.
2025-11-21 12:35:01,068 [ERROR] [MainThread] [root/api.py:82]: Weather API invalid JSON response: Expecting value: line 1 column 1 (char 0)
2025-11-21 12:35:01,068 [WARNING] [MainThread] [root/weather.py:524]: Error processing weather data: Weather data is empty.. Retrying fetch in 10 seconds.
2025-11-21 12:35:09,695 [ERROR] [MainThread] [root/api.py:82]: Weather API invalid JSON response: Expecting value: line 1 column 1 (char 0)
2025-11-21 12:35:09,979 [ERROR] [Thread-10 (_fetch)] [root/api.py:315]: GitHubDataManager no internet connection. Unable to fetch notifications.
2025-11-21 12:35:11,083 [ERROR] [MainThread] [root/api.py:82]: Weather API invalid JSON response: Expecting value: line 1 column 1 (char 0)
2025-11-21 12:35:11,083 [WARNING] [MainThread] [root/weather.py:524]: Error processing weather data: Weather data is empty.. Retrying fetch in 10 seconds.
2025-11-21 12:35:21,100 [ERROR] [MainThread] [root/api.py:82]: Weather API invalid JSON response: Expecting value: line 1 column 1 (char 0)
2025-11-21 12:35:21,100 [WARNING] [MainThread] [root/weather.py:524]: Error processing weather data: Weather data is empty.. Retrying fetch in 10 seconds.
2025-11-21 12:35:31,117 [ERROR] [MainThread] [root/api.py:82]: Weather API invalid JSON response: Expecting value: line 1 column 1 (char 0)
2025-11-21 12:35:31,117 [WARNING] [MainThread] [root/weather.py:524]: Error processing weather data: Weather data is empty.. Retrying fetch in 10 seconds.
2025-11-21 12:35:41,134 [ERROR] [MainThread] [root/api.py:82]: Weather API invalid JSON response: Expecting value: line 1 column 1 (char 0)
2025-11-21 12:35:41,134 [WARNING] [MainThread] [root/weather.py:524]: Error processing weather data: Weather data is empty.. Retrying fetch in 10 seconds.
2025-11-21 12:35:51,165 [ERROR] [MainThread] [root/api.py:82]: Weather API invalid JSON response: Expecting value: line 1 column 1 (char 0)
2025-11-21 12:35:51,165 [WARNING] [MainThread] [root/weather.py:524]: Error processing weather data: Weather data is empty.. Retrying fetch in 10 seconds.
2025-11-21 12:36:01,174 [ERROR] [MainThread] [root/api.py:82]: Weather API invalid JSON response: Expecting value: line 1 column 1 (char 0)
2025-11-21 12:36:01,174 [WARNING] [MainThread] [root/weather.py:524]: Error processing weather data: Weather data is empty.. Retrying fetch in 10 seconds.
2025-11-21 12:36:11,190 [ERROR] [MainThread] [root/api.py:82]: Weather API invalid JSON response: Expecting value: line 1 column 1 (char 0)
2025-11-21 12:36:11,190 [WARNING] [MainThread] [root/weather.py:524]: Error processing weather data: Weather data is empty.. Retrying fetch in 10 seconds.
2025-11-21 12:36:21,206 [ERROR] [MainThread] [root/api.py:82]: Weather API invalid JSON response: Expecting value: line 1 column 1 (char 0)
2025-11-21 12:36:21,206 [WARNING] [MainThread] [root/weather.py:524]: Error processing weather data: Weather data is empty.. Retrying fetch in 10 seconds.
2025-11-21 12:36:31,213 [ERROR] [MainThread] [root/api.py:82]: Weather API invalid JSON response: Expecting value: line 1 column 1 (char 0)
2025-11-21 12:36:31,213 [WARNING] [MainThread] [root/weather.py:524]: Error processing weather data: Weather data is empty.. Retrying fetch in 10 seconds.
2025-11-21 12:36:41,242 [ERROR] [MainThread] [root/api.py:82]: Weather API invalid JSON response: Expecting value: line 1 column 1 (char 0)
2025-11-21 12:36:41,242 [WARNING] [MainThread] [root/weather.py:524]: Error processing weather data: Weather data is empty.. Retrying fetch in 10 seconds.
2025-11-21 12:36:51,288 [ERROR] [MainThread] [root/api.py:82]: Weather API invalid JSON response: Expecting value: line 1 column 1 (char 0)
2025-11-21 12:36:51,288 [WARNING] [MainThread] [root/weather.py:524]: Error processing weather data: Weather data is empty.. Retrying fetch in 10 seconds.
2025-11-21 12:37:01,316 [ERROR] [MainThread] [root/api.py:82]: Weather API invalid JSON response: Expecting value: line 1 column 1 (char 0)
2025-11-21 12:37:01,316 [WARNING] [MainThread] [root/weather.py:524]: Error processing weather data: Weather data is empty.. Retrying fetch in 10 seconds.
2025-11-21 12:37:11,344 [ERROR] [MainThread] [root/api.py:82]: Weather API invalid JSON response: Expecting value: line 1 column 1 (char 0)
2025-11-21 12:37:11,344 [WARNING] [MainThread] [root/weather.py:524]: Error processing weather data: Weather data is empty.. Retrying fetch in 10 seconds.
2025-11-21 12:37:21,377 [ERROR] [MainThread] [root/api.py:82]: Weather API invalid JSON response: Expecting value: line 1 column 1 (char 0)
2025-11-21 12:37:21,377 [WARNING] [MainThread] [root/weather.py:524]: Error processing weather data: Weather data is empty.. Retrying fetch in 10 seconds.
2025-11-21 12:37:31,405 [ERROR] [MainThread] [root/api.py:82]: Weather API invalid JSON response: Expecting value: line 1 column 1 (char 0)
2025-11-21 12:37:31,406 [WARNING] [MainThread] [root/weather.py:524]: Error processing weather data: Weather data is empty.. Retrying fetch in 10 seconds.
2025-11-21 12:37:41,447 [ERROR] [MainThread] [root/api.py:82]: Weather API invalid JSON response: Expecting value: line 1 column 1 (char 0)
2025-11-21 12:37:41,447 [WARNING] [MainThread] [root/weather.py:524]: Error processing weather data: Weather data is empty.. Retrying fetch in 10 seconds.
2025-11-21 12:37:51,463 [ERROR] [MainThread] [root/api.py:82]: Weather API invalid JSON response: Expecting value: line 1 column 1 (char 0)
2025-11-21 12:37:51,464 [WARNING] [MainThread] [root/weather.py:524]: Error processing weather data: Weather data is empty.. Retrying fetch in 10 seconds.
2025-11-21 12:38:01,482 [ERROR] [MainThread] [root/api.py:82]: Weather API invalid JSON response: Expecting value: line 1 column 1 (char 0)
2025-11-21 12:38:01,482 [WARNING] [MainThread] [root/weather.py:524]: Error processing weather data: Weather data is empty.. Retrying fetch in 10 seconds.
2025-11-21 12:38:11,510 [ERROR] [MainThread] [root/api.py:82]: Weather API invalid JSON response: Expecting value: line 1 column 1 (char 0)
2025-11-21 12:38:11,510 [WARNING] [MainThread] [root/weather.py:524]: Error processing weather data: Weather data is empty.. Retrying fetch in 10 seconds.
2025-11-21 12:38:21,548 [ERROR] [MainThread] [root/api.py:82]: Weather API invalid JSON response: Expecting value: line 1 column 1 (char 0)
2025-11-21 12:38:21,548 [WARNING] [MainThread] [root/weather.py:524]: Error processing weather data: Weather data is empty.. Retrying fetch in 10 seconds.
2025-11-21 12:38:31,601 [ERROR] [MainThread] [root/api.py:82]: Weather API invalid JSON response: Expecting value: line 1 column 1 (char 0)
2025-11-21 12:38:31,601 [WARNING] [MainThread] [root/weather.py:524]: Error processing weather data: Weather data is empty.. Retrying fetch in 10 seconds.
2025-11-21 12:38:41,629 [ERROR] [MainThread] [root/api.py:82]: Weather API invalid JSON response: Expecting value: line 1 column 1 (char 0)
2025-11-21 12:38:41,630 [WARNING] [MainThread] [root/weather.py:524]: Error processing weather data: Weather data is empty.. Retrying fetch in 10 seconds.
2025-11-21 12:38:51,683 [ERROR] [MainThread] [root/api.py:82]: Weather API invalid JSON response: Expecting value: line 1 column 1 (char 0)
2025-11-21 12:38:51,683 [WARNING] [MainThread] [root/weather.py:524]: Error processing weather data: Weather data is empty.. Retrying fetch in 10 seconds.
2025-11-21 12:39:01,709 [ERROR] [MainThread] [root/api.py:82]: Weather API invalid JSON response: Expecting value: line 1 column 1 (char 0)
2025-11-21 12:39:01,709 [WARNING] [MainThread] [root/weather.py:524]: Error processing weather data: Weather data is empty.. Retrying fetch in 10 seconds.
2025-11-21 12:39:11,731 [ERROR] [MainThread] [root/api.py:82]: Weather API invalid JSON response: Expecting value: line 1 column 1 (char 0)
2025-11-21 12:39:11,731 [WARNING] [MainThread] [root/weather.py:524]: Error processing weather data: Weather data is empty.. Retrying fetch in 10 seconds.
2025-11-21 12:39:21,750 [ERROR] [MainThread] [root/api.py:82]: Weather API invalid JSON response: Expecting value: line 1 column 1 (char 0)
2025-11-21 12:39:21,751 [WARNING] [MainThread] [root/weather.py:524]: Error processing weather data: Weather data is empty.. Retrying fetch in 10 seconds.
2025-11-21 12:39:31,783 [ERROR] [MainThread] [root/api.py:82]: Weather API invalid JSON response: Expecting value: line 1 column 1 (char 0)
2025-11-21 12:39:31,783 [WARNING] [MainThread] [root/weather.py:524]: Error processing weather data: Weather data is empty.. Retrying fetch in 10 seconds.
2025-11-21 12:39:41,809 [ERROR] [MainThread] [root/api.py:82]: Weather API invalid JSON response: Expecting value: line 1 column 1 (char 0)
2025-11-21 12:39:41,809 [WARNING] [MainThread] [root/weather.py:524]: Error processing weather data: Weather data is empty.. Retrying fetch in 10 seconds.
2025-11-21 12:39:51,833 [ERROR] [MainThread] [root/api.py:82]: Weather API invalid JSON response: Expecting value: line 1 column 1 (char 0)
2025-11-21 12:39:51,834 [WARNING] [MainThread] [root/weather.py:524]: Error processing weather data: Weather data is empty.. Retrying fetch in 10 seconds.
2025-11-21 12:40:01,868 [ERROR] [MainThread] [root/api.py:82]: Weather API invalid JSON response: Expecting value: line 1 column 1 (char 0)
2025-11-21 12:40:01,868 [WARNING] [MainThread] [root/weather.py:524]: Error processing weather data: Weather data is empty.. Retrying fetch in 10 seconds.
2025-11-21 12:40:09,687 [ERROR] [MainThread] [root/api.py:82]: Weather API invalid JSON response: Expecting value: line 1 column 1 (char 0)
2025-11-21 12:40:09,966 [ERROR] [Thread-11 (_fetch)] [root/api.py:315]: GitHubDataManager no internet connection. Unable to fetch notifications.
2025-11-21 12:40:11,884 [ERROR] [MainThread] [root/api.py:82]: Weather API invalid JSON response: Expecting value: line 1 column 1 (char 0)
2025-11-21 12:40:11,885 [WARNING] [MainThread] [root/weather.py:524]: Error processing weather data: Weather data is empty.. Retrying fetch in 10 seconds.
2025-11-21 12:40:21,915 [ERROR] [MainThread] [root/api.py:82]: Weather API invalid JSON response: Expecting value: line 1 column 1 (char 0)
2025-11-21 12:40:21,915 [WARNING] [MainThread] [root/weather.py:524]: Error processing weather data: Weather data is empty.. Retrying fetch in 10 seconds.
2025-11-21 12:40:31,946 [ERROR] [MainThread] [root/api.py:82]: Weather API invalid JSON response: Expecting value: line 1 column 1 (char 0)
2025-11-21 12:40:31,946 [WARNING] [MainThread] [root/weather.py:524]: Error processing weather data: Weather data is empty.. Retrying fetch in 10 seconds.
2025-11-21 12:40:41,985 [ERROR] [MainThread] [root/api.py:82]: Weather API invalid JSON response: Expecting value: line 1 column 1 (char 0)
2025-11-21 12:40:41,985 [WARNING] [MainThread] [root/weather.py:524]: Error processing weather data: Weather data is empty.. Retrying fetch in 10 seconds.
2025-11-21 12:40:52,025 [ERROR] [MainThread] [root/api.py:82]: Weather API invalid JSON response: Expecting value: line 1 column 1 (char 0)
2025-11-21 12:40:52,026 [WARNING] [MainThread] [root/weather.py:524]: Error processing weather data: Weather data is empty.. Retrying fetch in 10 seconds.
2025-11-21 12:41:02,069 [ERROR] [MainThread] [root/api.py:82]: Weather API invalid JSON response: Expecting value: line 1 column 1 (char 0)
2025-11-21 12:41:02,069 [WARNING] [MainThread] [root/weather.py:524]: Error processing weather data: Weather data is empty.. Retrying fetch in 10 seconds.
2025-11-21 12:41:12,096 [ERROR] [MainThread] [root/api.py:82]: Weather API invalid JSON response: Expecting value: line 1 column 1 (char 0)
2025-11-21 12:41:12,096 [WARNING] [MainThread] [root/weather.py:524]: Error processing weather data: Weather data is empty.. Retrying fetch in 10 seconds.
2025-11-21 12:41:22,120 [ERROR] [MainThread] [root/api.py:82]: Weather API invalid JSON response: Expecting value: line 1 column 1 (char 0)
2025-11-21 12:41:22,121 [WARNING] [MainThread] [root/weather.py:524]: Error processing weather data: Weather data is empty.. Retrying fetch in 10 seconds.
2025-11-21 12:41:32,142 [ERROR] [MainThread] [root/api.py:82]: Weather API invalid JSON response: Expecting value: line 1 column 1 (char 0)
2025-11-21 12:41:32,142 [WARNING] [MainThread] [root/weather.py:524]: Error processing weather data: Weather data is empty.. Retrying fetch in 10 seconds.
2025-11-21 12:41:37,468 [INFO] [Thread-1 (_run_server)] [cli_server/cli_server.py:253]: CLI server received command: stop
2025-11-21 12:41:37,468 [INFO] [Thread-1 (_run_server)] [root/controller.py:35]: Exiting Application from CLI...
2025-11-21 12:41:37,577 [INFO] [Thread-1 (_run_server)] [cli_server/cli_server.py:112]: Log pipe server stopped
2025-11-21 12:41:37,577 [DEBUG] [Thread-1 (_run_server)] [cli_server/cli_server.py:206]: CLI server stopped
2025-11-21 12:41:37,629 [INFO] [MainThread] [root/bar_manager.py:92]: Stopping SystemEventListener...
2025-11-21 12:41:37,630 [INFO] [MainThread] [root/bar_manager.py:92]: Stopping WindowsNotificationEventListener...
2025-11-21 12:41:37,688 [DEBUG] [MainThread] [qasync._windows._EventPoller/_windows.py:220]: Stopping worker thread...
2025-11-21 12:41:37,690 [DEBUG] [Dummy-6] [qasync._windows._EventWorker/_windows.py:204]: Exiting thread
2025-11-21 12:41:37,697 [DEBUG] [MainThread] [qasync._windows._IocpProactor/_windows.py:78]: Closing
2025-11-21 12:41:38,764 [INFO] [MainThread] [root/log.py:59]: YASB v1.8.4
2025-11-21 12:41:38,765 [INFO] [Thread-1 (_run_server)] [cli_server/cli_server.py:212]: CLI server started v1.1.3
2025-11-21 12:41:38,765 [INFO] [MainThread] [cli_server/cli_server.py:104]: Log pipe server started
2025-11-21 12:41:38,985 [DEBUG] [MainThread] [tzlocal/win32.py:55]: Looking up time zone info from registry
2025-11-21 12:41:40,081 [DEBUG] [MainThread] [comtypes/__init__.py:149]: CoInitializeEx(None, 2)
2025-11-21 12:41:40,774 [INFO] [MainThread] [core.utils.widgets.taskbar.window_manager/window_manager.py:191]: TaskbarWindowManager is starting...
2025-11-21 12:41:40,778 [INFO] [MainThread] [root/bar_manager.py:85]: Starting WindowsNotificationEventListener...
2025-11-21 12:41:40,779 [INFO] [MainThread] [root/watcher.py:54]: Created file watcher for path C:\Users\fabri\.config\yasb
2025-11-21 12:41:40,826 [INFO] [MainThread] [root/update_service.py:321]: Background update checker started
2025-11-21 12:41:40,826 [DEBUG] [MainThread] [qasync._windows._EventPoller/_windows.py:215]: Starting (proactor: <_IocpProactor overlapped#=0 result#=0>)...
2025-11-21 12:41:40,827 [DEBUG] [Dummy-5] [qasync._windows._EventWorker/_windows.py:195]: Thread started
2025-11-21 12:41:40,979 [DEBUG] [MainThread] [systray_widget/systray.py:549]: Loading state from C:\Users\fabri\AppData\Local\YASB\systray_state_DELLINCDELLP2723QE9J3LM54.json
2025-11-21 12:41:40,990 [DEBUG] [TaskbarService] [systray_widget/systray.py:72]: TaskbarService thread is starting...
2025-11-21 12:41:40,990 [DEBUG] [TrayMonitor] [systray_widget/systray.py:58]: Systray thread is starting...
2025-11-21 12:41:41,009 [DEBUG] [TaskbarService] [root/tasks_service.py:75]: Found yasb systray hwnd: 1049260
2025-11-21 12:41:41,009 [DEBUG] [TaskbarService] [systray_widget/tasks_service.py:81]: Adding TaskbandHWND prop to hwnd 1049260
2025-11-21 12:41:41,023 [DEBUG] [MainThread] [systray_widget/systray.py:298]: Systray thread started
2025-11-21 12:41:41,231 [DEBUG] [TaskbarService] [systray_widget/tasks_service.py:81]: Adding TaskbandHWND prop to hwnd 1049260
2025-11-21 12:41:41,232 [DEBUG] [TrayMonitor] [systray_widget/tray_monitor.py:228]: Finding real tray hwnd
2025-11-21 12:41:41,260 [DEBUG] [MainThread] [systray_widget/tray_monitor.py:154]: Sending TaskbarCreated message: 49255
2025-11-21 12:41:41,372 [INFO] [MainThread] [root/api.py:69]: Fetching new weather data at 2025-11-21 12:41:41.372183
2025-11-21 12:41:42,259 [DEBUG] [MainThread] [systray_widget/systray.py:487]: Re-sorting widgets
2025-11-21 12:41:42,260 [DEBUG] [MainThread] [systray_widget/systray.py:509]: Updating current state
2025-11-21 12:41:45,058 [DEBUG] [MainThread] [systray_widget/systray.py:487]: Re-sorting widgets
2025-11-21 12:41:45,059 [DEBUG] [MainThread] [systray_widget/systray.py:509]: Updating current state
2025-11-21 12:41:50,344 [DEBUG] [MainThread] [systray_widget/systray.py:487]: Re-sorting widgets
2025-11-21 12:41:50,344 [DEBUG] [MainThread] [systray_widget/systray.py:509]: Updating current state
2025-11-21 12:43:23,479 [INFO] [MainThread] [root/controller.py:15]: Reloading Bar from context menu...
2025-11-21 12:43:23,583 [INFO] [MainThread] [cli_server/cli_server.py:112]: Log pipe server stopped
2025-11-21 12:43:23,583 [DEBUG] [MainThread] [cli_server/cli_server.py:206]: CLI server stopped
2025-11-21 12:43:23,643 [INFO] [MainThread] [root/bar_manager.py:92]: Stopping WindowsNotificationEventListener...
2025-11-21 12:43:23,645 [INFO] [MainThread] [core.utils.widgets.taskbar.window_manager/window_manager.py:218]: TaskbarWindowManager stopped
2025-11-21 12:43:23,646 [DEBUG] [MainThread] [systray_widget/systray.py:509]: Updating current state
2025-11-21 12:43:23,646 [DEBUG] [MainThread] [systray_widget/systray.py:527]: Saving state to disk
2025-11-21 12:43:23,647 [DEBUG] [MainThread] [systray_widget/systray.py:531]: Saving state to C:\Users\fabri\AppData\Local\YASB\systray_state_DELLINCDELLP2723QE9J3LM54.json
2025-11-21 12:43:23,647 [DEBUG] [MainThread] [systray_widget/utils.py:96]: Destroying window 1049260
2025-11-21 12:43:23,648 [DEBUG] [MainThread] [systray_widget/utils.py:96]: Destroying window 459452
2025-11-21 12:43:23,717 [DEBUG] [MainThread] [qasync._windows._EventPoller/_windows.py:220]: Stopping worker thread...
2025-11-21 12:43:23,731 [DEBUG] [Dummy-5] [qasync._windows._EventWorker/_windows.py:204]: Exiting thread
2025-11-21 12:43:23,732 [DEBUG] [MainThread] [qasync._windows._IocpProactor/_windows.py:78]: Closing
2025-11-21 12:43:23,763 [DEBUG] [MainThread] [systray_widget/utils.py:96]: Destroying window 459452
2025-11-21 12:43:23,763 [DEBUG] [MainThread] [systray_widget/utils.py:96]: Destroying window 1049260
2025-11-21 12:43:23,945 [INFO] [MainThread] [root/log.py:59]: YASB v1.8.4
2025-11-21 12:43:23,946 [INFO] [Thread-1 (_run_server)] [cli_server/cli_server.py:212]: CLI server started v1.1.3
2025-11-21 12:43:23,946 [INFO] [MainThread] [cli_server/cli_server.py:104]: Log pipe server started
2025-11-21 12:43:24,159 [DEBUG] [MainThread] [tzlocal/win32.py:55]: Looking up time zone info from registry
2025-11-21 12:43:25,139 [DEBUG] [MainThread] [comtypes/__init__.py:149]: CoInitializeEx(None, 2)
2025-11-21 12:43:25,674 [INFO] [MainThread] [core.utils.widgets.taskbar.window_manager/window_manager.py:191]: TaskbarWindowManager is starting...
2025-11-21 12:43:25,676 [INFO] [MainThread] [root/bar_manager.py:85]: Starting WindowsNotificationEventListener...
2025-11-21 12:43:25,677 [INFO] [MainThread] [root/watcher.py:54]: Created file watcher for path C:\Users\fabri\.config\yasb
2025-11-21 12:43:25,717 [INFO] [MainThread] [root/update_service.py:321]: Background update checker started
2025-11-21 12:43:25,718 [DEBUG] [MainThread] [qasync._windows._EventPoller/_windows.py:215]: Starting (proactor: <_IocpProactor overlapped#=0 result#=0>)...
2025-11-21 12:43:25,719 [DEBUG] [Dummy-5] [qasync._windows._EventWorker/_windows.py:195]: Thread started
2025-11-21 12:43:25,844 [DEBUG] [MainThread] [systray_widget/systray.py:549]: Loading state from C:\Users\fabri\AppData\Local\YASB\systray_state_DELLINCDELLP2723QE9J3LM54.json
2025-11-21 12:43:25,850 [DEBUG] [TrayMonitor] [systray_widget/systray.py:58]: Systray thread is starting...
2025-11-21 12:43:25,851 [DEBUG] [TaskbarService] [systray_widget/systray.py:72]: TaskbarService thread is starting...
2025-11-21 12:43:25,865 [DEBUG] [TaskbarService] [root/tasks_service.py:75]: Found yasb systray hwnd: 2033782
2025-11-21 12:43:25,865 [DEBUG] [TaskbarService] [systray_widget/tasks_service.py:81]: Adding TaskbandHWND prop to hwnd 2033782
2025-11-21 12:43:25,874 [DEBUG] [MainThread] [systray_widget/systray.py:298]: Systray thread started
2025-11-21 12:43:25,973 [INFO] [MainThread] [root/api.py:69]: Fetching new weather data at 2025-11-21 12:43:25.973274
2025-11-21 12:43:26,076 [DEBUG] [TaskbarService] [systray_widget/tasks_service.py:81]: Adding TaskbandHWND prop to hwnd 2033782
2025-11-21 12:43:26,076 [DEBUG] [TrayMonitor] [systray_widget/tray_monitor.py:228]: Finding real tray hwnd
2025-11-21 12:43:26,104 [DEBUG] [MainThread] [systray_widget/tray_monitor.py:154]: Sending TaskbarCreated message: 49255
2025-11-21 12:43:27,119 [DEBUG] [MainThread] [systray_widget/systray.py:487]: Re-sorting widgets
2025-11-21 12:43:27,119 [DEBUG] [MainThread] [systray_widget/systray.py:509]: Updating current state
2025-11-21 12:43:30,046 [DEBUG] [MainThread] [systray_widget/systray.py:487]: Re-sorting widgets
2025-11-21 12:43:30,046 [DEBUG] [MainThread] [systray_widget/systray.py:509]: Updating current state
2025-11-21 12:43:35,186 [DEBUG] [MainThread] [systray_widget/systray.py:487]: Re-sorting widgets
2025-11-21 12:43:35,187 [DEBUG] [MainThread] [systray_widget/systray.py:509]: Updating current state
2025-11-21 12:45:37,343 [INFO] [MainThread] [root/controller.py:15]: Reloading Bar from context menu...
2025-11-21 12:45:37,458 [INFO] [MainThread] [cli_server/cli_server.py:112]: Log pipe server stopped
2025-11-21 12:45:37,458 [DEBUG] [MainThread] [cli_server/cli_server.py:206]: CLI server stopped
2025-11-21 12:45:37,535 [INFO] [MainThread] [root/bar_manager.py:92]: Stopping WindowsNotificationEventListener...
2025-11-21 12:45:37,535 [INFO] [MainThread] [core.utils.widgets.taskbar.window_manager/window_manager.py:218]: TaskbarWindowManager stopped
2025-11-21 12:45:37,538 [DEBUG] [MainThread] [systray_widget/systray.py:509]: Updating current state
2025-11-21 12:45:37,538 [DEBUG] [MainThread] [systray_widget/systray.py:527]: Saving state to disk
2025-11-21 12:45:37,538 [DEBUG] [MainThread] [systray_widget/systray.py:531]: Saving state to C:\Users\fabri\AppData\Local\YASB\systray_state_DELLINCDELLP2723QE9J3LM54.json
2025-11-21 12:45:37,539 [DEBUG] [MainThread] [systray_widget/utils.py:96]: Destroying window 2033782
2025-11-21 12:45:37,539 [DEBUG] [MainThread] [systray_widget/utils.py:96]: Destroying window 2689186
2025-11-21 12:45:37,565 [DEBUG] [MainThread] [qasync._windows._EventPoller/_windows.py:220]: Stopping worker thread...
2025-11-21 12:45:37,574 [DEBUG] [Dummy-5] [qasync._windows._EventWorker/_windows.py:204]: Exiting thread
2025-11-21 12:45:37,590 [DEBUG] [MainThread] [qasync._windows._IocpProactor/_windows.py:78]: Closing
2025-11-21 12:45:37,629 [DEBUG] [MainThread] [systray_widget/utils.py:96]: Destroying window 2689186
2025-11-21 12:45:37,630 [DEBUG] [MainThread] [systray_widget/utils.py:96]: Destroying window 2033782
2025-11-21 12:45:37,816 [INFO] [MainThread] [root/log.py:59]: YASB v1.8.4
2025-11-21 12:45:37,816 [INFO] [Thread-1 (_run_server)] [cli_server/cli_server.py:212]: CLI server started v1.1.3
2025-11-21 12:45:37,817 [INFO] [MainThread] [cli_server/cli_server.py:104]: Log pipe server started
2025-11-21 12:45:37,997 [DEBUG] [MainThread] [tzlocal/win32.py:55]: Looking up time zone info from registry
2025-11-21 12:45:38,974 [DEBUG] [MainThread] [comtypes/__init__.py:149]: CoInitializeEx(None, 2)
2025-11-21 12:45:39,527 [INFO] [MainThread] [core.utils.widgets.taskbar.window_manager/window_manager.py:191]: TaskbarWindowManager is starting...
2025-11-21 12:45:39,531 [INFO] [MainThread] [root/bar_manager.py:85]: Starting WindowsNotificationEventListener...
2025-11-21 12:45:39,532 [INFO] [MainThread] [root/watcher.py:54]: Created file watcher for path C:\Users\fabri\.config\yasb
2025-11-21 12:45:39,570 [INFO] [MainThread] [root/update_service.py:321]: Background update checker started
2025-11-21 12:45:39,570 [DEBUG] [MainThread] [qasync._windows._EventPoller/_windows.py:215]: Starting (proactor: <_IocpProactor overlapped#=0 result#=0>)...
2025-11-21 12:45:39,571 [DEBUG] [Dummy-5] [qasync._windows._EventWorker/_windows.py:195]: Thread started
2025-11-21 12:45:39,713 [DEBUG] [MainThread] [systray_widget/systray.py:549]: Loading state from C:\Users\fabri\AppData\Local\YASB\systray_state_DELLINCDELLP2723QE9J3LM54.json
2025-11-21 12:45:39,720 [DEBUG] [TrayMonitor] [systray_widget/systray.py:58]: Systray thread is starting...
2025-11-21 12:45:39,720 [DEBUG] [TaskbarService] [systray_widget/systray.py:72]: TaskbarService thread is starting...
2025-11-21 12:45:39,734 [DEBUG] [TaskbarService] [root/tasks_service.py:75]: Found yasb systray hwnd: 656312
2025-11-21 12:45:39,734 [DEBUG] [TaskbarService] [systray_widget/tasks_service.py:81]: Adding TaskbandHWND prop to hwnd 656312
2025-11-21 12:45:39,744 [DEBUG] [MainThread] [systray_widget/systray.py:298]: Systray thread started
2025-11-21 12:45:39,944 [DEBUG] [TaskbarService] [systray_widget/tasks_service.py:81]: Adding TaskbandHWND prop to hwnd 656312
2025-11-21 12:45:39,945 [DEBUG] [TrayMonitor] [systray_widget/tray_monitor.py:228]: Finding real tray hwnd
2025-11-21 12:45:39,965 [DEBUG] [MainThread] [systray_widget/tray_monitor.py:154]: Sending TaskbarCreated message: 49255
2025-11-21 12:45:40,036 [INFO] [MainThread] [root/api.py:69]: Fetching new weather data at 2025-11-21 12:45:40.036299
2025-11-21 12:45:40,975 [DEBUG] [MainThread] [systray_widget/systray.py:487]: Re-sorting widgets
2025-11-21 12:45:40,976 [DEBUG] [MainThread] [systray_widget/systray.py:509]: Updating current state
2025-11-21 12:45:42,094 [DEBUG] [MainThread] [systray_widget/systray.py:487]: Re-sorting widgets
2025-11-21 12:45:42,094 [DEBUG] [MainThread] [systray_widget/systray.py:509]: Updating current state
2025-11-21 12:45:49,003 [DEBUG] [MainThread] [systray_widget/systray.py:487]: Re-sorting widgets
2025-11-21 12:45:49,004 [DEBUG] [MainThread] [systray_widget/systray.py:509]: Updating current state
2025-11-21 12:46:08,012 [INFO] [MainThread] [root/controller.py:15]: Reloading Application from tray...
2025-11-21 12:46:08,121 [INFO] [MainThread] [cli_server/cli_server.py:112]: Log pipe server stopped
2025-11-21 12:46:08,121 [DEBUG] [MainThread] [cli_server/cli_server.py:206]: CLI server stopped
2025-11-21 12:46:08,186 [INFO] [MainThread] [root/bar_manager.py:92]: Stopping WindowsNotificationEventListener...
2025-11-21 12:46:08,187 [INFO] [MainThread] [core.utils.widgets.taskbar.window_manager/window_manager.py:218]: TaskbarWindowManager stopped
2025-11-21 12:46:08,188 [DEBUG] [MainThread] [systray_widget/systray.py:509]: Updating current state
2025-11-21 12:46:08,189 [DEBUG] [MainThread] [systray_widget/systray.py:527]: Saving state to disk
2025-11-21 12:46:08,189 [DEBUG] [MainThread] [systray_widget/systray.py:531]: Saving state to C:\Users\fabri\AppData\Local\YASB\systray_state_DELLINCDELLP2723QE9J3LM54.json
2025-11-21 12:46:08,189 [DEBUG] [MainThread] [systray_widget/utils.py:96]: Destroying window 656312
2025-11-21 12:46:08,190 [DEBUG] [MainThread] [systray_widget/utils.py:96]: Destroying window 592766
2025-11-21 12:46:08,240 [DEBUG] [MainThread] [qasync._windows._EventPoller/_windows.py:220]: Stopping worker thread...
2025-11-21 12:46:08,244 [DEBUG] [Dummy-5] [qasync._windows._EventWorker/_windows.py:204]: Exiting thread
2025-11-21 12:46:08,249 [DEBUG] [MainThread] [qasync._windows._IocpProactor/_windows.py:78]: Closing
2025-11-21 12:46:08,315 [DEBUG] [MainThread] [systray_widget/utils.py:96]: Destroying window 592766
2025-11-21 12:46:08,316 [DEBUG] [MainThread] [systray_widget/utils.py:96]: Destroying window 656312
2025-11-21 12:46:08,484 [INFO] [MainThread] [root/log.py:59]: YASB v1.8.4
2025-11-21 12:46:08,485 [INFO] [Thread-1 (_run_server)] [cli_server/cli_server.py:212]: CLI server started v1.1.3
2025-11-21 12:46:08,486 [INFO] [MainThread] [cli_server/cli_server.py:104]: Log pipe server started
2025-11-21 12:46:08,683 [DEBUG] [MainThread] [tzlocal/win32.py:55]: Looking up time zone info from registry
2025-11-21 12:46:09,774 [DEBUG] [MainThread] [comtypes/__init__.py:149]: CoInitializeEx(None, 2)
2025-11-21 12:46:10,352 [INFO] [MainThread] [core.utils.widgets.taskbar.window_manager/window_manager.py:191]: TaskbarWindowManager is starting...
2025-11-21 12:46:10,356 [INFO] [MainThread] [root/bar_manager.py:85]: Starting WindowsNotificationEventListener...
2025-11-21 12:46:10,358 [INFO] [MainThread] [root/watcher.py:54]: Created file watcher for path C:\Users\fabri\.config\yasb
2025-11-21 12:46:10,406 [INFO] [MainThread] [root/update_service.py:321]: Background update checker started
2025-11-21 12:46:10,406 [DEBUG] [MainThread] [qasync._windows._EventPoller/_windows.py:215]: Starting (proactor: <_IocpProactor overlapped#=0 result#=0>)...
2025-11-21 12:46:10,407 [DEBUG] [Dummy-5] [qasync._windows._EventWorker/_windows.py:195]: Thread started
2025-11-21 12:46:10,546 [DEBUG] [MainThread] [systray_widget/systray.py:549]: Loading state from C:\Users\fabri\AppData\Local\YASB\systray_state_DELLINCDELLP2723QE9J3LM54.json
2025-11-21 12:46:10,552 [DEBUG] [TrayMonitor] [systray_widget/systray.py:58]: Systray thread is starting...
2025-11-21 12:46:10,553 [DEBUG] [TaskbarService] [systray_widget/systray.py:72]: TaskbarService thread is starting...
2025-11-21 12:46:10,566 [DEBUG] [TaskbarService] [root/tasks_service.py:75]: Found yasb systray hwnd: 2558042
2025-11-21 12:46:10,567 [DEBUG] [TaskbarService] [systray_widget/tasks_service.py:81]: Adding TaskbandHWND prop to hwnd 2558042
2025-11-21 12:46:10,575 [DEBUG] [MainThread] [systray_widget/systray.py:298]: Systray thread started
2025-11-21 12:46:10,636 [INFO] [MainThread] [root/api.py:69]: Fetching new weather data at 2025-11-21 12:46:10.636579
2025-11-21 12:46:10,780 [DEBUG] [TaskbarService] [systray_widget/tasks_service.py:81]: Adding TaskbandHWND prop to hwnd 2558042
2025-11-21 12:46:10,781 [DEBUG] [TrayMonitor] [systray_widget/tray_monitor.py:228]: Finding real tray hwnd
2025-11-21 12:46:10,819 [DEBUG] [MainThread] [systray_widget/tray_monitor.py:154]: Sending TaskbarCreated message: 49255
2025-11-21 12:46:12,008 [DEBUG] [MainThread] [systray_widget/systray.py:487]: Re-sorting widgets
2025-11-21 12:46:12,008 [DEBUG] [MainThread] [systray_widget/systray.py:509]: Updating current state
2025-11-21 12:46:19,888 [DEBUG] [MainThread] [systray_widget/systray.py:487]: Re-sorting widgets
2025-11-21 12:46:19,888 [DEBUG] [MainThread] [systray_widget/systray.py:509]: Updating current state
2025-11-21 12:51:40,023 [ERROR] [MainThread] [root/bar_manager.py:56]: Error loading config: while scanning a quoted scalar
  in "C:\Users\fabri\.config\yasb\config.yaml", line 429, column 22
found unexpected end of stream
  in "C:\Users\fabri\.config\yasb\config.yaml", line 429, column 29
2025-11-21 12:51:46,633 [ERROR] [MainThread] [root/bar_manager.py:56]: Error loading config: while scanning a quoted scalar
  in "C:\Users\fabri\.config\yasb\config.yaml", line 429, column 26
found unexpected end of stream
  in "C:\Users\fabri\.config\yasb\config.yaml", line 429, column 33
2025-11-21 12:51:52,101 [INFO] [MainThread] [root/controller.py:15]: Reloading Bar from context menu...
2025-11-21 12:51:52,207 [INFO] [MainThread] [cli_server/cli_server.py:112]: Log pipe server stopped
2025-11-21 12:51:52,208 [DEBUG] [MainThread] [cli_server/cli_server.py:206]: CLI server stopped
2025-11-21 12:51:52,299 [INFO] [MainThread] [root/bar_manager.py:92]: Stopping WindowsNotificationEventListener...
2025-11-21 12:51:52,300 [INFO] [MainThread] [core.utils.widgets.taskbar.window_manager/window_manager.py:218]: TaskbarWindowManager stopped
2025-11-21 12:51:52,302 [DEBUG] [MainThread] [systray_widget/systray.py:509]: Updating current state
2025-11-21 12:51:52,303 [DEBUG] [MainThread] [systray_widget/systray.py:527]: Saving state to disk
2025-11-21 12:51:52,303 [DEBUG] [MainThread] [systray_widget/systray.py:531]: Saving state to C:\Users\fabri\AppData\Local\YASB\systray_state_DELLINCDELLP2723QE9J3LM54.json
2025-11-21 12:51:52,304 [DEBUG] [MainThread] [systray_widget/utils.py:96]: Destroying window 2558042
2025-11-21 12:51:52,309 [DEBUG] [MainThread] [systray_widget/utils.py:96]: Destroying window 1377888
2025-11-21 12:51:52,347 [DEBUG] [MainThread] [qasync._windows._EventPoller/_windows.py:220]: Stopping worker thread...
2025-11-21 12:51:52,361 [DEBUG] [Dummy-5] [qasync._windows._EventWorker/_windows.py:204]: Exiting thread
2025-11-21 12:51:52,365 [DEBUG] [MainThread] [qasync._windows._IocpProactor/_windows.py:78]: Closing
2025-11-21 12:51:52,402 [DEBUG] [MainThread] [systray_widget/utils.py:96]: Destroying window 1377888
2025-11-21 12:51:52,405 [DEBUG] [MainThread] [systray_widget/utils.py:96]: Destroying window 2558042
2025-11-21 12:51:52,585 [INFO] [MainThread] [root/log.py:59]: YASB v1.8.4
2025-11-21 12:51:52,586 [INFO] [Thread-1 (_run_server)] [cli_server/cli_server.py:212]: CLI server started v1.1.3
2025-11-21 12:51:52,587 [INFO] [MainThread] [cli_server/cli_server.py:104]: Log pipe server started
2025-11-21 12:51:52,617 [ERROR] [MainThread] [root/main.py:158]: Exception during application startup
Traceback (most recent call last):
  File "main.py", line 156, in <module>
  File "main.py", line 96, in main
  File "D:\a\yasb\yasb\src\core\config.py", line 155, in get_config_and_stylesheet
  File "D:\a\yasb\yasb\src\core\config.py", line 109, in get_config
  File "D:\a\yasb\yasb\venv\Lib\site-packages\yaml\__init__.py", line 125, in safe_load
  File "D:\a\yasb\yasb\venv\Lib\site-packages\yaml\__init__.py", line 81, in load
  File "D:\a\yasb\yasb\venv\Lib\site-packages\yaml\constructor.py", line 49, in get_single_data
  File "D:\a\yasb\yasb\venv\Lib\site-packages\yaml\composer.py", line 36, in get_single_node
  File "D:\a\yasb\yasb\venv\Lib\site-packages\yaml\composer.py", line 55, in compose_document
  File "D:\a\yasb\yasb\venv\Lib\site-packages\yaml\composer.py", line 84, in compose_node
  File "D:\a\yasb\yasb\venv\Lib\site-packages\yaml\composer.py", line 133, in compose_mapping_node
  File "D:\a\yasb\yasb\venv\Lib\site-packages\yaml\composer.py", line 84, in compose_node
  File "D:\a\yasb\yasb\venv\Lib\site-packages\yaml\composer.py", line 133, in compose_mapping_node
  File "D:\a\yasb\yasb\venv\Lib\site-packages\yaml\composer.py", line 84, in compose_node
  File "D:\a\yasb\yasb\venv\Lib\site-packages\yaml\composer.py", line 133, in compose_mapping_node
  File "D:\a\yasb\yasb\venv\Lib\site-packages\yaml\composer.py", line 84, in compose_node
  File "D:\a\yasb\yasb\venv\Lib\site-packages\yaml\composer.py", line 133, in compose_mapping_node
  File "D:\a\yasb\yasb\venv\Lib\site-packages\yaml\composer.py", line 84, in compose_node
  File "D:\a\yasb\yasb\venv\Lib\site-packages\yaml\composer.py", line 133, in compose_mapping_node
  File "D:\a\yasb\yasb\venv\Lib\site-packages\yaml\composer.py", line 84, in compose_node
  File "D:\a\yasb\yasb\venv\Lib\site-packages\yaml\composer.py", line 133, in compose_mapping_node
  File "D:\a\yasb\yasb\venv\Lib\site-packages\yaml\composer.py", line 84, in compose_node
  File "D:\a\yasb\yasb\venv\Lib\site-packages\yaml\composer.py", line 133, in compose_mapping_node
  File "D:\a\yasb\yasb\venv\Lib\site-packages\yaml\composer.py", line 84, in compose_node
  File "D:\a\yasb\yasb\venv\Lib\site-packages\yaml\composer.py", line 133, in compose_mapping_node
  File "D:\a\yasb\yasb\venv\Lib\site-packages\yaml\composer.py", line 64, in compose_node
  File "D:\a\yasb\yasb\venv\Lib\site-packages\yaml\parser.py", line 98, in check_event
  File "D:\a\yasb\yasb\venv\Lib\site-packages\yaml\parser.py", line 449, in parse_block_mapping_value
  File "D:\a\yasb\yasb\venv\Lib\site-packages\yaml\scanner.py", line 116, in check_token
  File "D:\a\yasb\yasb\venv\Lib\site-packages\yaml\scanner.py", line 251, in fetch_more_tokens
  File "D:\a\yasb\yasb\venv\Lib\site-packages\yaml\scanner.py", line 655, in fetch_double
  File "D:\a\yasb\yasb\venv\Lib\site-packages\yaml\scanner.py", line 666, in fetch_flow_scalar
  File "D:\a\yasb\yasb\venv\Lib\site-packages\yaml\scanner.py", line 1151, in scan_flow_scalar
  File "D:\a\yasb\yasb\venv\Lib\site-packages\yaml\scanner.py", line 1238, in scan_flow_scalar_spaces
yaml.scanner.ScannerError: while scanning a quoted scalar
  in "C:\Users\fabri\.config\yasb\config.yaml", line 429, column 26
found unexpected end of stream
  in "C:\Users\fabri\.config\yasb\config.yaml", line 429, column 33
2025-11-21 12:52:28,641 [INFO] [MainThread] [root/log.py:59]: YASB v1.8.4
2025-11-21 12:52:28,642 [INFO] [Thread-1 (_run_server)] [cli_server/cli_server.py:212]: CLI server started v1.1.3
2025-11-21 12:52:28,643 [INFO] [MainThread] [cli_server/cli_server.py:104]: Log pipe server started
2025-11-21 12:52:28,693 [ERROR] [MainThread] [root/main.py:158]: Exception during application startup
Traceback (most recent call last):
  File "main.py", line 156, in <module>
  File "main.py", line 96, in main
  File "D:\a\yasb\yasb\src\core\config.py", line 155, in get_config_and_stylesheet
  File "D:\a\yasb\yasb\src\core\config.py", line 109, in get_config
  File "D:\a\yasb\yasb\venv\Lib\site-packages\yaml\__init__.py", line 125, in safe_load
  File "D:\a\yasb\yasb\venv\Lib\site-packages\yaml\__init__.py", line 81, in load
  File "D:\a\yasb\yasb\venv\Lib\site-packages\yaml\constructor.py", line 49, in get_single_data
  File "D:\a\yasb\yasb\venv\Lib\site-packages\yaml\composer.py", line 36, in get_single_node
  File "D:\a\yasb\yasb\venv\Lib\site-packages\yaml\composer.py", line 55, in compose_document
  File "D:\a\yasb\yasb\venv\Lib\site-packages\yaml\composer.py", line 84, in compose_node
  File "D:\a\yasb\yasb\venv\Lib\site-packages\yaml\composer.py", line 133, in compose_mapping_node
  File "D:\a\yasb\yasb\venv\Lib\site-packages\yaml\composer.py", line 84, in compose_node
  File "D:\a\yasb\yasb\venv\Lib\site-packages\yaml\composer.py", line 133, in compose_mapping_node
  File "D:\a\yasb\yasb\venv\Lib\site-packages\yaml\composer.py", line 84, in compose_node
  File "D:\a\yasb\yasb\venv\Lib\site-packages\yaml\composer.py", line 133, in compose_mapping_node
  File "D:\a\yasb\yasb\venv\Lib\site-packages\yaml\composer.py", line 84, in compose_node
  File "D:\a\yasb\yasb\venv\Lib\site-packages\yaml\composer.py", line 133, in compose_mapping_node
  File "D:\a\yasb\yasb\venv\Lib\site-packages\yaml\composer.py", line 84, in compose_node
  File "D:\a\yasb\yasb\venv\Lib\site-packages\yaml\composer.py", line 133, in compose_mapping_node
  File "D:\a\yasb\yasb\venv\Lib\site-packages\yaml\composer.py", line 64, in compose_node
  File "D:\a\yasb\yasb\venv\Lib\site-packages\yaml\parser.py", line 98, in check_event
  File "D:\a\yasb\yasb\venv\Lib\site-packages\yaml\parser.py", line 449, in parse_block_mapping_value
  File "D:\a\yasb\yasb\venv\Lib\site-packages\yaml\scanner.py", line 116, in check_token
  File "D:\a\yasb\yasb\venv\Lib\site-packages\yaml\scanner.py", line 251, in fetch_more_tokens
  File "D:\a\yasb\yasb\venv\Lib\site-packages\yaml\scanner.py", line 655, in fetch_double
  File "D:\a\yasb\yasb\venv\Lib\site-packages\yaml\scanner.py", line 666, in fetch_flow_scalar
  File "D:\a\yasb\yasb\venv\Lib\site-packages\yaml\scanner.py", line 1151, in scan_flow_scalar
  File "D:\a\yasb\yasb\venv\Lib\site-packages\yaml\scanner.py", line 1238, in scan_flow_scalar_spaces
yaml.scanner.ScannerError: while scanning a quoted scalar
  in "C:\Users\fabri\.config\yasb\config.yaml", line 429, column 20
found unexpected end of stream
  in "C:\Users\fabri\.config\yasb\config.yaml", line 429, column 27
2025-11-21 12:52:42,054 [INFO] [MainThread] [root/log.py:59]: YASB v1.8.4
2025-11-21 12:52:42,055 [INFO] [Thread-1 (_run_server)] [cli_server/cli_server.py:212]: CLI server started v1.1.3
2025-11-21 12:52:42,055 [INFO] [MainThread] [cli_server/cli_server.py:104]: Log pipe server started
2025-11-21 12:52:42,238 [DEBUG] [MainThread] [tzlocal/win32.py:55]: Looking up time zone info from registry
2025-11-21 12:52:43,087 [DEBUG] [MainThread] [comtypes/__init__.py:149]: CoInitializeEx(None, 2)
2025-11-21 12:52:43,603 [INFO] [MainThread] [core.utils.widgets.taskbar.window_manager/window_manager.py:191]: TaskbarWindowManager is starting...
2025-11-21 12:52:43,608 [INFO] [MainThread] [root/bar_manager.py:85]: Starting WindowsNotificationEventListener...
2025-11-21 12:52:43,609 [INFO] [MainThread] [root/watcher.py:54]: Created file watcher for path C:\Users\fabri\.config\yasb
2025-11-21 12:52:43,645 [INFO] [MainThread] [root/update_service.py:321]: Background update checker started
2025-11-21 12:52:43,645 [DEBUG] [MainThread] [qasync._windows._EventPoller/_windows.py:215]: Starting (proactor: <_IocpProactor overlapped#=0 result#=0>)...
2025-11-21 12:52:43,647 [DEBUG] [Dummy-5] [qasync._windows._EventWorker/_windows.py:195]: Thread started
2025-11-21 12:52:43,782 [DEBUG] [MainThread] [systray_widget/systray.py:549]: Loading state from C:\Users\fabri\AppData\Local\YASB\systray_state_DELLINCDELLP2723QE9J3LM54.json
2025-11-21 12:52:43,789 [DEBUG] [TaskbarService] [systray_widget/systray.py:72]: TaskbarService thread is starting...
2025-11-21 12:52:43,789 [DEBUG] [TrayMonitor] [systray_widget/systray.py:58]: Systray thread is starting...
2025-11-21 12:52:43,804 [DEBUG] [TaskbarService] [root/tasks_service.py:75]: Found yasb systray hwnd: 1050732
2025-11-21 12:52:43,804 [DEBUG] [TaskbarService] [systray_widget/tasks_service.py:81]: Adding TaskbandHWND prop to hwnd 1050732
2025-11-21 12:52:43,813 [DEBUG] [MainThread] [systray_widget/systray.py:298]: Systray thread started
2025-11-21 12:52:44,015 [DEBUG] [TaskbarService] [systray_widget/tasks_service.py:81]: Adding TaskbandHWND prop to hwnd 1050732
2025-11-21 12:52:44,015 [DEBUG] [TrayMonitor] [systray_widget/tray_monitor.py:228]: Finding real tray hwnd
2025-11-21 12:52:44,043 [DEBUG] [MainThread] [systray_widget/tray_monitor.py:154]: Sending TaskbarCreated message: 49255
2025-11-21 12:52:44,091 [INFO] [MainThread] [root/api.py:69]: Fetching new weather data at 2025-11-21 12:52:44.091643
2025-11-21 12:52:45,048 [DEBUG] [MainThread] [systray_widget/systray.py:487]: Re-sorting widgets
2025-11-21 12:52:45,049 [DEBUG] [MainThread] [systray_widget/systray.py:509]: Updating current state
2025-11-21 12:52:48,012 [DEBUG] [MainThread] [systray_widget/systray.py:487]: Re-sorting widgets
2025-11-21 12:52:48,012 [DEBUG] [MainThread] [systray_widget/systray.py:509]: Updating current state
2025-11-21 12:52:48,622 [ERROR] [MainThread] [root/bar_manager.py:56]: Error loading config: while scanning a quoted scalar
  in "C:\Users\fabri\.config\yasb\config.yaml", line 429, column 20
found unexpected end of stream
  in "C:\Users\fabri\.config\yasb\config.yaml", line 429, column 27
2025-11-21 12:52:51,710 [INFO] [MainThread] [root/controller.py:15]: Reloading Bar from context menu...
2025-11-21 12:52:51,811 [INFO] [MainThread] [cli_server/cli_server.py:112]: Log pipe server stopped
2025-11-21 12:52:51,811 [DEBUG] [MainThread] [cli_server/cli_server.py:206]: CLI server stopped
2025-11-21 12:52:51,879 [INFO] [MainThread] [root/bar_manager.py:92]: Stopping WindowsNotificationEventListener...
2025-11-21 12:52:51,881 [INFO] [MainThread] [core.utils.widgets.taskbar.window_manager/window_manager.py:218]: TaskbarWindowManager stopped
2025-11-21 12:52:51,883 [DEBUG] [MainThread] [systray_widget/systray.py:509]: Updating current state
2025-11-21 12:52:51,883 [DEBUG] [MainThread] [systray_widget/systray.py:527]: Saving state to disk
2025-11-21 12:52:51,883 [DEBUG] [MainThread] [systray_widget/systray.py:531]: Saving state to C:\Users\fabri\AppData\Local\YASB\systray_state_DELLINCDELLP2723QE9J3LM54.json
2025-11-21 12:52:51,884 [DEBUG] [MainThread] [systray_widget/utils.py:96]: Destroying window 1050732
2025-11-21 12:52:51,884 [DEBUG] [MainThread] [systray_widget/utils.py:96]: Destroying window 721584
2025-11-21 12:52:51,957 [DEBUG] [MainThread] [qasync._windows._EventPoller/_windows.py:220]: Stopping worker thread...
2025-11-21 12:52:51,960 [DEBUG] [Dummy-5] [qasync._windows._EventWorker/_windows.py:204]: Exiting thread
2025-11-21 12:52:51,964 [DEBUG] [MainThread] [qasync._windows._IocpProactor/_windows.py:78]: Closing
2025-11-21 12:52:51,992 [DEBUG] [MainThread] [systray_widget/utils.py:96]: Destroying window 721584
2025-11-21 12:52:51,993 [DEBUG] [MainThread] [systray_widget/utils.py:96]: Destroying window 1050732
2025-11-21 12:52:52,132 [INFO] [MainThread] [root/log.py:59]: YASB v1.8.4
2025-11-21 12:52:52,133 [INFO] [Thread-1 (_run_server)] [cli_server/cli_server.py:212]: CLI server started v1.1.3
2025-11-21 12:52:52,133 [INFO] [MainThread] [cli_server/cli_server.py:104]: Log pipe server started
2025-11-21 12:52:52,165 [ERROR] [MainThread] [root/main.py:158]: Exception during application startup
Traceback (most recent call last):
  File "main.py", line 156, in <module>
  File "main.py", line 96, in main
  File "D:\a\yasb\yasb\src\core\config.py", line 155, in get_config_and_stylesheet
  File "D:\a\yasb\yasb\src\core\config.py", line 109, in get_config
  File "D:\a\yasb\yasb\venv\Lib\site-packages\yaml\__init__.py", line 125, in safe_load
  File "D:\a\yasb\yasb\venv\Lib\site-packages\yaml\__init__.py", line 81, in load
  File "D:\a\yasb\yasb\venv\Lib\site-packages\yaml\constructor.py", line 49, in get_single_data
  File "D:\a\yasb\yasb\venv\Lib\site-packages\yaml\composer.py", line 36, in get_single_node
  File "D:\a\yasb\yasb\venv\Lib\site-packages\yaml\composer.py", line 55, in compose_document
  File "D:\a\yasb\yasb\venv\Lib\site-packages\yaml\composer.py", line 84, in compose_node
  File "D:\a\yasb\yasb\venv\Lib\site-packages\yaml\composer.py", line 133, in compose_mapping_node
  File "D:\a\yasb\yasb\venv\Lib\site-packages\yaml\composer.py", line 84, in compose_node
  File "D:\a\yasb\yasb\venv\Lib\site-packages\yaml\composer.py", line 133, in compose_mapping_node
  File "D:\a\yasb\yasb\venv\Lib\site-packages\yaml\composer.py", line 84, in compose_node
  File "D:\a\yasb\yasb\venv\Lib\site-packages\yaml\composer.py", line 133, in compose_mapping_node
  File "D:\a\yasb\yasb\venv\Lib\site-packages\yaml\composer.py", line 84, in compose_node
  File "D:\a\yasb\yasb\venv\Lib\site-packages\yaml\composer.py", line 133, in compose_mapping_node
  File "D:\a\yasb\yasb\venv\Lib\site-packages\yaml\composer.py", line 84, in compose_node
  File "D:\a\yasb\yasb\venv\Lib\site-packages\yaml\composer.py", line 133, in compose_mapping_node
  File "D:\a\yasb\yasb\venv\Lib\site-packages\yaml\composer.py", line 64, in compose_node
  File "D:\a\yasb\yasb\venv\Lib\site-packages\yaml\parser.py", line 98, in check_event
  File "D:\a\yasb\yasb\venv\Lib\site-packages\yaml\parser.py", line 449, in parse_block_mapping_value
  File "D:\a\yasb\yasb\venv\Lib\site-packages\yaml\scanner.py", line 116, in check_token
  File "D:\a\yasb\yasb\venv\Lib\site-packages\yaml\scanner.py", line 251, in fetch_more_tokens
  File "D:\a\yasb\yasb\venv\Lib\site-packages\yaml\scanner.py", line 655, in fetch_double
  File "D:\a\yasb\yasb\venv\Lib\site-packages\yaml\scanner.py", line 666, in fetch_flow_scalar
  File "D:\a\yasb\yasb\venv\Lib\site-packages\yaml\scanner.py", line 1151, in scan_flow_scalar
  File "D:\a\yasb\yasb\venv\Lib\site-packages\yaml\scanner.py", line 1238, in scan_flow_scalar_spaces
yaml.scanner.ScannerError: while scanning a quoted scalar
  in "C:\Users\fabri\.config\yasb\config.yaml", line 429, column 20
found unexpected end of stream
  in "C:\Users\fabri\.config\yasb\config.yaml", line 429, column 27
2025-11-21 12:53:47,302 [INFO] [MainThread] [root/log.py:59]: YASB v1.8.4
2025-11-21 12:53:47,303 [INFO] [Thread-1 (_run_server)] [cli_server/cli_server.py:212]: CLI server started v1.1.3
2025-11-21 12:53:47,303 [INFO] [MainThread] [cli_server/cli_server.py:104]: Log pipe server started
2025-11-21 12:53:47,504 [DEBUG] [MainThread] [tzlocal/win32.py:55]: Looking up time zone info from registry
2025-11-21 12:53:48,447 [DEBUG] [MainThread] [comtypes/__init__.py:149]: CoInitializeEx(None, 2)
2025-11-21 12:53:48,972 [INFO] [MainThread] [core.utils.widgets.taskbar.window_manager/window_manager.py:191]: TaskbarWindowManager is starting...
2025-11-21 12:53:48,976 [INFO] [MainThread] [root/bar_manager.py:85]: Starting WindowsNotificationEventListener...
2025-11-21 12:53:48,977 [INFO] [MainThread] [root/watcher.py:54]: Created file watcher for path C:\Users\fabri\.config\yasb
2025-11-21 12:53:49,013 [INFO] [MainThread] [root/update_service.py:321]: Background update checker started
2025-11-21 12:53:49,013 [DEBUG] [MainThread] [qasync._windows._EventPoller/_windows.py:215]: Starting (proactor: <_IocpProactor overlapped#=0 result#=0>)...
2025-11-21 12:53:49,014 [DEBUG] [Dummy-5] [qasync._windows._EventWorker/_windows.py:195]: Thread started
2025-11-21 12:53:49,140 [DEBUG] [MainThread] [systray_widget/systray.py:549]: Loading state from C:\Users\fabri\AppData\Local\YASB\systray_state_DELLINCDELLP2723QE9J3LM54.json
2025-11-21 12:53:49,148 [DEBUG] [TrayMonitor] [systray_widget/systray.py:58]: Systray thread is starting...
2025-11-21 12:53:49,148 [DEBUG] [TaskbarService] [systray_widget/systray.py:72]: TaskbarService thread is starting...
2025-11-21 12:53:49,163 [DEBUG] [TaskbarService] [root/tasks_service.py:75]: Found yasb systray hwnd: 394522
2025-11-21 12:53:49,163 [DEBUG] [TaskbarService] [systray_widget/tasks_service.py:81]: Adding TaskbandHWND prop to hwnd 394522
2025-11-21 12:53:49,173 [DEBUG] [MainThread] [systray_widget/systray.py:298]: Systray thread started
2025-11-21 12:53:49,270 [INFO] [MainThread] [root/api.py:69]: Fetching new weather data at 2025-11-21 12:53:49.270732
2025-11-21 12:53:49,375 [DEBUG] [TaskbarService] [systray_widget/tasks_service.py:81]: Adding TaskbandHWND prop to hwnd 394522
2025-11-21 12:53:49,379 [DEBUG] [TrayMonitor] [systray_widget/tray_monitor.py:228]: Finding real tray hwnd
2025-11-21 12:53:49,415 [DEBUG] [MainThread] [systray_widget/tray_monitor.py:154]: Sending TaskbarCreated message: 49255
2025-11-21 12:53:51,078 [DEBUG] [MainThread] [systray_widget/systray.py:487]: Re-sorting widgets
2025-11-21 12:53:51,079 [DEBUG] [MainThread] [systray_widget/systray.py:509]: Updating current state
2025-11-21 12:53:58,463 [DEBUG] [MainThread] [systray_widget/systray.py:487]: Re-sorting widgets
2025-11-21 12:53:58,464 [DEBUG] [MainThread] [systray_widget/systray.py:509]: Updating current state
2025-11-21 12:56:14,606 [INFO] [MainThread] [root/controller.py:15]: Reloading Application because of config change.
2025-11-21 12:56:14,708 [INFO] [MainThread] [cli_server/cli_server.py:112]: Log pipe server stopped
2025-11-21 12:56:14,708 [DEBUG] [MainThread] [cli_server/cli_server.py:206]: CLI server stopped
2025-11-21 12:56:14,718 [INFO] [MainThread] [root/bar_manager.py:76]: Successfully loaded updated config and re-initialised all bars.
2025-11-21 12:56:14,766 [INFO] [MainThread] [root/bar_manager.py:92]: Stopping WindowsNotificationEventListener...
2025-11-21 12:56:14,766 [INFO] [MainThread] [core.utils.widgets.taskbar.window_manager/window_manager.py:218]: TaskbarWindowManager stopped
2025-11-21 12:56:14,768 [DEBUG] [MainThread] [systray_widget/systray.py:509]: Updating current state
2025-11-21 12:56:14,768 [DEBUG] [MainThread] [systray_widget/systray.py:527]: Saving state to disk
2025-11-21 12:56:14,768 [DEBUG] [MainThread] [systray_widget/systray.py:531]: Saving state to C:\Users\fabri\AppData\Local\YASB\systray_state_DELLINCDELLP2723QE9J3LM54.json
2025-11-21 12:56:14,769 [DEBUG] [MainThread] [systray_widget/utils.py:96]: Destroying window 394522
2025-11-21 12:56:14,769 [DEBUG] [MainThread] [systray_widget/utils.py:96]: Destroying window 1050848
2025-11-21 12:56:14,783 [DEBUG] [MainThread] [qasync._windows._EventPoller/_windows.py:220]: Stopping worker thread...
2025-11-21 12:56:14,785 [DEBUG] [Dummy-5] [qasync._windows._EventWorker/_windows.py:204]: Exiting thread
2025-11-21 12:56:14,791 [DEBUG] [MainThread] [qasync._windows._IocpProactor/_windows.py:78]: Closing
2025-11-21 12:56:15,030 [INFO] [MainThread] [root/log.py:59]: YASB v1.8.4
2025-11-21 12:56:15,031 [INFO] [Thread-1 (_run_server)] [cli_server/cli_server.py:212]: CLI server started v1.1.3
2025-11-21 12:56:15,031 [INFO] [MainThread] [cli_server/cli_server.py:104]: Log pipe server started
2025-11-21 12:56:15,031 [INFO] [MainThread] [root/main.py:47]: Waiting for previous YASB instance to exit...
2025-11-21 12:56:21,835 [DEBUG] [MainThread] [systray_widget/utils.py:96]: Destroying window 1050848
2025-11-21 12:56:21,836 [DEBUG] [MainThread] [systray_widget/utils.py:96]: Destroying window 394522
2025-11-21 12:56:22,047 [INFO] [MainThread] [root/main.py:73]: Previous instance exited, continuing startup.
2025-11-21 12:56:22,223 [DEBUG] [MainThread] [tzlocal/win32.py:55]: Looking up time zone info from registry
2025-11-21 12:56:23,093 [DEBUG] [MainThread] [comtypes/__init__.py:149]: CoInitializeEx(None, 2)
2025-11-21 12:56:23,679 [INFO] [MainThread] [core.utils.widgets.taskbar.window_manager/window_manager.py:191]: TaskbarWindowManager is starting...
2025-11-21 12:56:23,681 [INFO] [MainThread] [root/bar_manager.py:85]: Starting WindowsNotificationEventListener...
2025-11-21 12:56:23,682 [INFO] [MainThread] [root/watcher.py:54]: Created file watcher for path C:\Users\fabri\.config\yasb
2025-11-21 12:56:23,724 [INFO] [MainThread] [root/update_service.py:321]: Background update checker started
2025-11-21 12:56:23,724 [DEBUG] [MainThread] [qasync._windows._EventPoller/_windows.py:215]: Starting (proactor: <_IocpProactor overlapped#=0 result#=0>)...
2025-11-21 12:56:23,726 [DEBUG] [Dummy-5] [qasync._windows._EventWorker/_windows.py:195]: Thread started
2025-11-21 12:56:23,866 [DEBUG] [MainThread] [systray_widget/systray.py:549]: Loading state from C:\Users\fabri\AppData\Local\YASB\systray_state_DELLINCDELLP2723QE9J3LM54.json
2025-11-21 12:56:23,874 [DEBUG] [TrayMonitor] [systray_widget/systray.py:58]: Systray thread is starting...
2025-11-21 12:56:23,874 [DEBUG] [TaskbarService] [systray_widget/systray.py:72]: TaskbarService thread is starting...
2025-11-21 12:56:23,891 [DEBUG] [TaskbarService] [root/tasks_service.py:75]: Found yasb systray hwnd: 3868990
2025-11-21 12:56:23,891 [DEBUG] [TaskbarService] [systray_widget/tasks_service.py:81]: Adding TaskbandHWND prop to hwnd 3868990
2025-11-21 12:56:23,904 [DEBUG] [MainThread] [systray_widget/systray.py:298]: Systray thread started
2025-11-21 12:56:24,105 [DEBUG] [TaskbarService] [systray_widget/tasks_service.py:81]: Adding TaskbandHWND prop to hwnd 3868990
2025-11-21 12:56:24,109 [DEBUG] [TrayMonitor] [systray_widget/tray_monitor.py:228]: Finding real tray hwnd
2025-11-21 12:56:24,141 [DEBUG] [MainThread] [systray_widget/tray_monitor.py:154]: Sending TaskbarCreated message: 49255
2025-11-21 12:56:24,197 [INFO] [MainThread] [root/api.py:69]: Fetching new weather data at 2025-11-21 12:56:24.197136
2025-11-21 12:56:25,153 [DEBUG] [MainThread] [systray_widget/systray.py:487]: Re-sorting widgets
2025-11-21 12:56:25,154 [DEBUG] [MainThread] [systray_widget/systray.py:509]: Updating current state
2025-11-21 12:56:27,125 [DEBUG] [MainThread] [systray_widget/systray.py:487]: Re-sorting widgets
2025-11-21 12:56:27,125 [DEBUG] [MainThread] [systray_widget/systray.py:509]: Updating current state
2025-11-21 12:56:33,171 [DEBUG] [MainThread] [systray_widget/systray.py:487]: Re-sorting widgets
2025-11-21 12:56:33,171 [DEBUG] [MainThread] [systray_widget/systray.py:509]: Updating current state
2025-11-21 12:56:43,211 [INFO] [MainThread] [root/controller.py:15]: Reloading Application because of config change.
2025-11-21 12:56:43,322 [INFO] [MainThread] [cli_server/cli_server.py:112]: Log pipe server stopped
2025-11-21 12:56:43,323 [DEBUG] [MainThread] [cli_server/cli_server.py:206]: CLI server stopped
2025-11-21 12:56:43,348 [INFO] [MainThread] [root/bar_manager.py:76]: Successfully loaded updated config and re-initialised all bars.
2025-11-21 12:56:43,387 [INFO] [MainThread] [root/bar_manager.py:92]: Stopping WindowsNotificationEventListener...
2025-11-21 12:56:43,388 [INFO] [MainThread] [core.utils.widgets.taskbar.window_manager/window_manager.py:218]: TaskbarWindowManager stopped
2025-11-21 12:56:43,391 [DEBUG] [MainThread] [systray_widget/systray.py:509]: Updating current state
2025-11-21 12:56:43,391 [DEBUG] [MainThread] [systray_widget/systray.py:527]: Saving state to disk
2025-11-21 12:56:43,391 [DEBUG] [MainThread] [systray_widget/systray.py:531]: Saving state to C:\Users\fabri\AppData\Local\YASB\systray_state_DELLINCDELLP2723QE9J3LM54.json
2025-11-21 12:56:43,392 [DEBUG] [MainThread] [systray_widget/utils.py:96]: Destroying window 3868990
2025-11-21 12:56:43,392 [DEBUG] [MainThread] [systray_widget/utils.py:96]: Destroying window 525568
2025-11-21 12:56:43,449 [DEBUG] [MainThread] [qasync._windows._EventPoller/_windows.py:220]: Stopping worker thread...
2025-11-21 12:56:43,458 [DEBUG] [Dummy-5] [qasync._windows._EventWorker/_windows.py:204]: Exiting thread
2025-11-21 12:56:43,464 [DEBUG] [MainThread] [qasync._windows._IocpProactor/_windows.py:78]: Closing
2025-11-21 12:56:43,505 [DEBUG] [MainThread] [systray_widget/utils.py:96]: Destroying window 525568
2025-11-21 12:56:43,506 [DEBUG] [MainThread] [systray_widget/utils.py:96]: Destroying window 3868990
2025-11-21 12:56:43,679 [INFO] [MainThread] [root/log.py:59]: YASB v1.8.4
2025-11-21 12:56:43,680 [INFO] [Thread-1 (_run_server)] [cli_server/cli_server.py:212]: CLI server started v1.1.3
2025-11-21 12:56:43,680 [INFO] [MainThread] [cli_server/cli_server.py:104]: Log pipe server started
2025-11-21 12:56:43,869 [DEBUG] [MainThread] [tzlocal/win32.py:55]: Looking up time zone info from registry
2025-11-21 12:56:44,782 [DEBUG] [MainThread] [comtypes/__init__.py:149]: CoInitializeEx(None, 2)
2025-11-21 12:56:45,360 [INFO] [MainThread] [core.utils.widgets.taskbar.window_manager/window_manager.py:191]: TaskbarWindowManager is starting...
2025-11-21 12:56:45,363 [INFO] [MainThread] [root/bar_manager.py:85]: Starting WindowsNotificationEventListener...
2025-11-21 12:56:45,365 [INFO] [MainThread] [root/watcher.py:54]: Created file watcher for path C:\Users\fabri\.config\yasb
2025-11-21 12:56:45,404 [INFO] [MainThread] [root/update_service.py:321]: Background update checker started
2025-11-21 12:56:45,404 [DEBUG] [MainThread] [qasync._windows._EventPoller/_windows.py:215]: Starting (proactor: <_IocpProactor overlapped#=0 result#=0>)...
2025-11-21 12:56:45,405 [DEBUG] [Dummy-5] [qasync._windows._EventWorker/_windows.py:195]: Thread started
2025-11-21 12:56:45,543 [DEBUG] [MainThread] [systray_widget/systray.py:549]: Loading state from C:\Users\fabri\AppData\Local\YASB\systray_state_DELLINCDELLP2723QE9J3LM54.json
2025-11-21 12:56:45,552 [DEBUG] [TrayMonitor] [systray_widget/systray.py:58]: Systray thread is starting...
2025-11-21 12:56:45,552 [DEBUG] [TaskbarService] [systray_widget/systray.py:72]: TaskbarService thread is starting...
2025-11-21 12:56:45,569 [DEBUG] [TaskbarService] [root/tasks_service.py:75]: Found yasb systray hwnd: 2361556
2025-11-21 12:56:45,569 [DEBUG] [TaskbarService] [systray_widget/tasks_service.py:81]: Adding TaskbandHWND prop to hwnd 2361556
2025-11-21 12:56:45,579 [DEBUG] [MainThread] [systray_widget/systray.py:298]: Systray thread started
2025-11-21 12:56:45,629 [INFO] [MainThread] [root/api.py:69]: Fetching new weather data at 2025-11-21 12:56:45.629768
2025-11-21 12:56:45,789 [DEBUG] [TaskbarService] [systray_widget/tasks_service.py:81]: Adding TaskbandHWND prop to hwnd 2361556
2025-11-21 12:56:45,790 [DEBUG] [TrayMonitor] [systray_widget/tray_monitor.py:228]: Finding real tray hwnd
2025-11-21 12:56:45,811 [DEBUG] [MainThread] [systray_widget/tray_monitor.py:154]: Sending TaskbarCreated message: 49255
2025-11-21 12:56:46,820 [DEBUG] [MainThread] [systray_widget/systray.py:487]: Re-sorting widgets
2025-11-21 12:56:46,821 [DEBUG] [MainThread] [systray_widget/systray.py:509]: Updating current state
2025-11-21 12:56:48,014 [DEBUG] [MainThread] [systray_widget/systray.py:487]: Re-sorting widgets
2025-11-21 12:56:48,014 [DEBUG] [MainThread] [systray_widget/systray.py:509]: Updating current state
2025-11-21 12:56:54,850 [DEBUG] [MainThread] [systray_widget/systray.py:487]: Re-sorting widgets
2025-11-21 12:56:54,851 [DEBUG] [MainThread] [systray_widget/systray.py:509]: Updating current state
2025-11-21 12:57:57,826 [INFO] [MainThread] [root/controller.py:15]: Reloading Application because of config change.
2025-11-21 12:57:57,927 [INFO] [MainThread] [cli_server/cli_server.py:112]: Log pipe server stopped
2025-11-21 12:57:57,927 [DEBUG] [MainThread] [cli_server/cli_server.py:206]: CLI server stopped
2025-11-21 12:57:57,935 [INFO] [MainThread] [root/bar_manager.py:76]: Successfully loaded updated config and re-initialised all bars.
2025-11-21 12:57:57,979 [INFO] [MainThread] [root/bar_manager.py:92]: Stopping WindowsNotificationEventListener...
2025-11-21 12:57:57,979 [INFO] [MainThread] [core.utils.widgets.taskbar.window_manager/window_manager.py:218]: TaskbarWindowManager stopped
2025-11-21 12:57:57,981 [DEBUG] [MainThread] [systray_widget/systray.py:509]: Updating current state
2025-11-21 12:57:57,982 [DEBUG] [MainThread] [systray_widget/systray.py:527]: Saving state to disk
2025-11-21 12:57:57,982 [DEBUG] [MainThread] [systray_widget/systray.py:531]: Saving state to C:\Users\fabri\AppData\Local\YASB\systray_state_DELLINCDELLP2723QE9J3LM54.json
2025-11-21 12:57:57,982 [DEBUG] [MainThread] [systray_widget/utils.py:96]: Destroying window 2361556
2025-11-21 12:57:57,983 [DEBUG] [MainThread] [systray_widget/utils.py:96]: Destroying window 459974
2025-11-21 12:57:58,052 [DEBUG] [MainThread] [qasync._windows._EventPoller/_windows.py:220]: Stopping worker thread...
2025-11-21 12:57:58,058 [DEBUG] [Dummy-5] [qasync._windows._EventWorker/_windows.py:204]: Exiting thread
2025-11-21 12:57:58,063 [DEBUG] [MainThread] [qasync._windows._IocpProactor/_windows.py:78]: Closing
2025-11-21 12:57:58,110 [DEBUG] [MainThread] [systray_widget/utils.py:96]: Destroying window 459974
2025-11-21 12:57:58,110 [DEBUG] [MainThread] [systray_widget/utils.py:96]: Destroying window 2361556
2025-11-21 12:57:58,260 [INFO] [MainThread] [root/log.py:59]: YASB v1.8.4
2025-11-21 12:57:58,271 [INFO] [Thread-1 (_run_server)] [cli_server/cli_server.py:212]: CLI server started v1.1.3
2025-11-21 12:57:58,272 [INFO] [MainThread] [cli_server/cli_server.py:104]: Log pipe server started
2025-11-21 12:57:58,392 [WARNING] [MainThread] [root/widget_builder.py:40]: No widget config could be found for widget 'launchpad
2025-11-21 12:57:58,450 [DEBUG] [MainThread] [tzlocal/win32.py:55]: Looking up time zone info from registry
2025-11-21 12:57:59,425 [DEBUG] [MainThread] [comtypes/__init__.py:149]: CoInitializeEx(None, 2)
2025-11-21 12:58:00,024 [INFO] [MainThread] [core.utils.widgets.taskbar.window_manager/window_manager.py:191]: TaskbarWindowManager is starting...
2025-11-21 12:58:00,028 [ERROR] [MainThread] [root/widget_builder.py:86]: Failed to add undefined widget(s)  - The widget "launchpad" is undefined.
2025-11-21 12:58:00,055 [INFO] [MainThread] [root/watcher.py:54]: Created file watcher for path C:\Users\fabri\.config\yasb
2025-11-21 12:58:00,083 [INFO] [MainThread] [root/update_service.py:321]: Background update checker started
2025-11-21 12:58:00,084 [DEBUG] [MainThread] [qasync._windows._EventPoller/_windows.py:215]: Starting (proactor: <_IocpProactor overlapped#=0 result#=0>)...
2025-11-21 12:58:00,085 [DEBUG] [Dummy-5] [qasync._windows._EventWorker/_windows.py:195]: Thread started
2025-11-21 12:58:00,223 [DEBUG] [MainThread] [systray_widget/systray.py:549]: Loading state from C:\Users\fabri\AppData\Local\YASB\systray_state_DELLINCDELLP2723QE9J3LM54.json
2025-11-21 12:58:00,230 [DEBUG] [TaskbarService] [systray_widget/systray.py:72]: TaskbarService thread is starting...
2025-11-21 12:58:00,231 [DEBUG] [TrayMonitor] [systray_widget/systray.py:58]: Systray thread is starting...
2025-11-21 12:58:00,246 [DEBUG] [TaskbarService] [root/tasks_service.py:75]: Found yasb systray hwnd: 2164870
2025-11-21 12:58:00,246 [DEBUG] [TaskbarService] [systray_widget/tasks_service.py:81]: Adding TaskbandHWND prop to hwnd 2164870
2025-11-21 12:58:00,318 [DEBUG] [MainThread] [systray_widget/systray.py:298]: Systray thread started
2025-11-21 12:58:00,341 [INFO] [MainThread] [root/api.py:69]: Fetching new weather data at 2025-11-21 12:58:00.341318
2025-11-21 12:58:00,521 [DEBUG] [TrayMonitor] [systray_widget/tray_monitor.py:228]: Finding real tray hwnd
2025-11-21 12:58:00,522 [DEBUG] [TaskbarService] [systray_widget/tasks_service.py:81]: Adding TaskbandHWND prop to hwnd 2164870
2025-11-21 12:58:00,539 [DEBUG] [MainThread] [systray_widget/tray_monitor.py:154]: Sending TaskbarCreated message: 49255
2025-11-21 12:58:01,547 [DEBUG] [MainThread] [systray_widget/systray.py:487]: Re-sorting widgets
2025-11-21 12:58:01,547 [DEBUG] [MainThread] [systray_widget/systray.py:509]: Updating current state
2025-11-21 12:58:03,092 [DEBUG] [MainThread] [systray_widget/systray.py:487]: Re-sorting widgets
2025-11-21 12:58:03,092 [DEBUG] [MainThread] [systray_widget/systray.py:509]: Updating current state
2025-11-21 12:58:08,427 [INFO] [MainThread] [root/controller.py:15]: Reloading Application because of config change.
2025-11-21 12:58:08,542 [INFO] [MainThread] [cli_server/cli_server.py:112]: Log pipe server stopped
2025-11-21 12:58:08,542 [DEBUG] [MainThread] [cli_server/cli_server.py:206]: CLI server stopped
2025-11-21 12:58:08,553 [INFO] [MainThread] [root/bar_manager.py:76]: Successfully loaded updated config and re-initialised all bars.
2025-11-21 12:58:08,602 [INFO] [MainThread] [core.utils.widgets.taskbar.window_manager/window_manager.py:218]: TaskbarWindowManager stopped
2025-11-21 12:58:08,604 [DEBUG] [MainThread] [systray_widget/systray.py:509]: Updating current state
2025-11-21 12:58:08,604 [DEBUG] [MainThread] [systray_widget/systray.py:527]: Saving state to disk
2025-11-21 12:58:08,604 [DEBUG] [MainThread] [systray_widget/systray.py:531]: Saving state to C:\Users\fabri\AppData\Local\YASB\systray_state_DELLINCDELLP2723QE9J3LM54.json
2025-11-21 12:58:08,605 [DEBUG] [MainThread] [systray_widget/utils.py:96]: Destroying window 2164870
2025-11-21 12:58:08,605 [DEBUG] [MainThread] [systray_widget/utils.py:96]: Destroying window 525582
2025-11-21 12:58:08,676 [DEBUG] [MainThread] [qasync._windows._EventPoller/_windows.py:220]: Stopping worker thread...
2025-11-21 12:58:08,693 [DEBUG] [Dummy-5] [qasync._windows._EventWorker/_windows.py:204]: Exiting thread
2025-11-21 12:58:08,696 [DEBUG] [MainThread] [qasync._windows._IocpProactor/_windows.py:78]: Closing
2025-11-21 12:58:08,733 [DEBUG] [MainThread] [systray_widget/utils.py:96]: Destroying window 525582
2025-11-21 12:58:08,733 [DEBUG] [MainThread] [systray_widget/utils.py:96]: Destroying window 2164870
2025-11-21 12:58:08,891 [INFO] [MainThread] [root/log.py:59]: YASB v1.8.4
2025-11-21 12:58:08,895 [INFO] [Thread-1 (_run_server)] [cli_server/cli_server.py:212]: CLI server started v1.1.3
2025-11-21 12:58:08,896 [INFO] [MainThread] [cli_server/cli_server.py:104]: Log pipe server started
2025-11-21 12:58:09,086 [DEBUG] [MainThread] [tzlocal/win32.py:55]: Looking up time zone info from registry
2025-11-21 12:58:10,221 [DEBUG] [MainThread] [comtypes/__init__.py:149]: CoInitializeEx(None, 2)
2025-11-21 12:58:10,865 [INFO] [MainThread] [core.utils.widgets.taskbar.window_manager/window_manager.py:191]: TaskbarWindowManager is starting...
2025-11-21 12:58:10,868 [INFO] [MainThread] [root/bar_manager.py:85]: Starting WindowsNotificationEventListener...
2025-11-21 12:58:10,869 [INFO] [MainThread] [root/watcher.py:54]: Created file watcher for path C:\Users\fabri\.config\yasb
2025-11-21 12:58:10,916 [INFO] [MainThread] [root/update_service.py:321]: Background update checker started
2025-11-21 12:58:10,917 [DEBUG] [MainThread] [qasync._windows._EventPoller/_windows.py:215]: Starting (proactor: <_IocpProactor overlapped#=0 result#=0>)...
2025-11-21 12:58:10,918 [DEBUG] [Dummy-5] [qasync._windows._EventWorker/_windows.py:195]: Thread started
2025-11-21 12:58:11,062 [DEBUG] [MainThread] [systray_widget/systray.py:549]: Loading state from C:\Users\fabri\AppData\Local\YASB\systray_state_DELLINCDELLP2723QE9J3LM54.json
2025-11-21 12:58:11,069 [DEBUG] [TaskbarService] [systray_widget/systray.py:72]: TaskbarService thread is starting...
2025-11-21 12:58:11,069 [DEBUG] [TrayMonitor] [systray_widget/systray.py:58]: Systray thread is starting...
2025-11-21 12:58:11,085 [DEBUG] [TaskbarService] [root/tasks_service.py:75]: Found yasb systray hwnd: 2164824
2025-11-21 12:58:11,086 [DEBUG] [TaskbarService] [systray_widget/tasks_service.py:81]: Adding TaskbandHWND prop to hwnd 2164824
2025-11-21 12:58:11,098 [DEBUG] [MainThread] [systray_widget/systray.py:298]: Systray thread started
2025-11-21 12:58:11,150 [INFO] [MainThread] [root/api.py:69]: Fetching new weather data at 2025-11-21 12:58:11.150030
2025-11-21 12:58:11,293 [DEBUG] [TaskbarService] [systray_widget/tasks_service.py:81]: Adding TaskbandHWND prop to hwnd 2164824
2025-11-21 12:58:11,294 [DEBUG] [TrayMonitor] [systray_widget/tray_monitor.py:228]: Finding real tray hwnd
2025-11-21 12:58:11,316 [DEBUG] [MainThread] [systray_widget/tray_monitor.py:154]: Sending TaskbarCreated message: 49255
2025-11-21 12:58:12,328 [DEBUG] [MainThread] [systray_widget/systray.py:487]: Re-sorting widgets
2025-11-21 12:58:12,329 [DEBUG] [MainThread] [systray_widget/systray.py:509]: Updating current state
2025-11-21 12:58:15,068 [DEBUG] [MainThread] [systray_widget/systray.py:487]: Re-sorting widgets
2025-11-21 12:58:15,068 [DEBUG] [MainThread] [systray_widget/systray.py:509]: Updating current state
2025-11-21 12:58:20,515 [DEBUG] [MainThread] [systray_widget/systray.py:487]: Re-sorting widgets
2025-11-21 12:58:20,516 [DEBUG] [MainThread] [systray_widget/systray.py:509]: Updating current state
2025-11-21 12:58:24,635 [INFO] [MainThread] [root/controller.py:15]: Reloading Application because of config change.
2025-11-21 12:58:24,749 [INFO] [MainThread] [cli_server/cli_server.py:112]: Log pipe server stopped
2025-11-21 12:58:24,749 [DEBUG] [MainThread] [cli_server/cli_server.py:206]: CLI server stopped
2025-11-21 12:58:24,762 [INFO] [MainThread] [root/bar_manager.py:76]: Successfully loaded updated config and re-initialised all bars.
2025-11-21 12:58:24,802 [INFO] [MainThread] [root/bar_manager.py:92]: Stopping WindowsNotificationEventListener...
2025-11-21 12:58:24,803 [INFO] [MainThread] [core.utils.widgets.taskbar.window_manager/window_manager.py:218]: TaskbarWindowManager stopped
2025-11-21 12:58:24,805 [DEBUG] [MainThread] [systray_widget/systray.py:509]: Updating current state
2025-11-21 12:58:24,805 [DEBUG] [MainThread] [systray_widget/systray.py:527]: Saving state to disk
2025-11-21 12:58:24,805 [DEBUG] [MainThread] [systray_widget/systray.py:531]: Saving state to C:\Users\fabri\AppData\Local\YASB\systray_state_DELLINCDELLP2723QE9J3LM54.json
2025-11-21 12:58:24,806 [DEBUG] [MainThread] [systray_widget/utils.py:96]: Destroying window 2164824
2025-11-21 12:58:24,806 [DEBUG] [MainThread] [systray_widget/utils.py:96]: Destroying window 2689142
2025-11-21 12:58:24,875 [DEBUG] [MainThread] [qasync._windows._EventPoller/_windows.py:220]: Stopping worker thread...
2025-11-21 12:58:24,875 [DEBUG] [Dummy-5] [qasync._windows._EventWorker/_windows.py:204]: Exiting thread
2025-11-21 12:58:24,879 [DEBUG] [MainThread] [qasync._windows._IocpProactor/_windows.py:78]: Closing
2025-11-21 12:58:24,907 [DEBUG] [MainThread] [systray_widget/utils.py:96]: Destroying window 2689142
2025-11-21 12:58:24,907 [DEBUG] [MainThread] [systray_widget/utils.py:96]: Destroying window 2164824
2025-11-21 12:58:25,096 [INFO] [MainThread] [root/log.py:59]: YASB v1.8.4
2025-11-21 12:58:25,099 [INFO] [Thread-1 (_run_server)] [cli_server/cli_server.py:212]: CLI server started v1.1.3
2025-11-21 12:58:25,099 [INFO] [MainThread] [cli_server/cli_server.py:104]: Log pipe server started
2025-11-21 12:58:25,224 [WARNING] [MainThread] [root/widget_builder.py:40]: No widget config could be found for widget 'launchpad
2025-11-21 12:58:25,281 [DEBUG] [MainThread] [tzlocal/win32.py:55]: Looking up time zone info from registry
2025-11-21 12:58:26,257 [DEBUG] [MainThread] [comtypes/__init__.py:149]: CoInitializeEx(None, 2)
2025-11-21 12:58:26,825 [INFO] [MainThread] [core.utils.widgets.taskbar.window_manager/window_manager.py:191]: TaskbarWindowManager is starting...
2025-11-21 12:58:26,830 [INFO] [MainThread] [root/bar_manager.py:85]: Starting WindowsNotificationEventListener...
2025-11-21 12:58:26,831 [ERROR] [MainThread] [root/widget_builder.py:86]: Failed to add undefined widget(s)  - The widget "launchpad" is undefined.
2025-11-21 12:58:26,866 [INFO] [MainThread] [root/watcher.py:54]: Created file watcher for path C:\Users\fabri\.config\yasb
2025-11-21 12:58:26,900 [INFO] [MainThread] [root/update_service.py:321]: Background update checker started
2025-11-21 12:58:26,900 [DEBUG] [MainThread] [qasync._windows._EventPoller/_windows.py:215]: Starting (proactor: <_IocpProactor overlapped#=0 result#=0>)...
2025-11-21 12:58:26,901 [DEBUG] [Dummy-5] [qasync._windows._EventWorker/_windows.py:195]: Thread started
2025-11-21 12:58:27,034 [DEBUG] [MainThread] [systray_widget/systray.py:549]: Loading state from C:\Users\fabri\AppData\Local\YASB\systray_state_DELLINCDELLP2723QE9J3LM54.json
2025-11-21 12:58:27,044 [DEBUG] [TrayMonitor] [systray_widget/systray.py:58]: Systray thread is starting...
2025-11-21 12:58:27,044 [DEBUG] [TaskbarService] [systray_widget/systray.py:72]: TaskbarService thread is starting...
2025-11-21 12:58:27,061 [DEBUG] [TaskbarService] [root/tasks_service.py:75]: Found yasb systray hwnd: 1182590
2025-11-21 12:58:27,061 [DEBUG] [TaskbarService] [systray_widget/tasks_service.py:81]: Adding TaskbandHWND prop to hwnd 1182590
2025-11-21 12:58:27,124 [DEBUG] [MainThread] [systray_widget/systray.py:298]: Systray thread started
2025-11-21 12:58:27,133 [INFO] [MainThread] [root/api.py:69]: Fetching new weather data at 2025-11-21 12:58:27.133367
2025-11-21 12:58:27,326 [DEBUG] [TrayMonitor] [systray_widget/tray_monitor.py:228]: Finding real tray hwnd
2025-11-21 12:58:27,328 [DEBUG] [TaskbarService] [systray_widget/tasks_service.py:81]: Adding TaskbandHWND prop to hwnd 1182590
2025-11-21 12:58:27,346 [DEBUG] [MainThread] [systray_widget/tray_monitor.py:154]: Sending TaskbarCreated message: 49255
2025-11-21 12:58:28,363 [DEBUG] [MainThread] [systray_widget/systray.py:487]: Re-sorting widgets
2025-11-21 12:58:28,363 [DEBUG] [MainThread] [systray_widget/systray.py:509]: Updating current state
2025-11-21 12:58:30,093 [DEBUG] [MainThread] [systray_widget/systray.py:487]: Re-sorting widgets
2025-11-21 12:58:30,093 [DEBUG] [MainThread] [systray_widget/systray.py:509]: Updating current state
2025-11-21 12:58:36,561 [DEBUG] [MainThread] [systray_widget/systray.py:487]: Re-sorting widgets
2025-11-21 12:58:36,561 [DEBUG] [MainThread] [systray_widget/systray.py:509]: Updating current state
2025-11-21 12:58:37,173 [INFO] [MainThread] [root/controller.py:15]: Reloading Application because of config change.
2025-11-21 12:58:37,277 [INFO] [MainThread] [cli_server/cli_server.py:112]: Log pipe server stopped
2025-11-21 12:58:37,277 [DEBUG] [MainThread] [cli_server/cli_server.py:206]: CLI server stopped
2025-11-21 12:58:37,285 [INFO] [MainThread] [root/bar_manager.py:76]: Successfully loaded updated config and re-initialised all bars.
2025-11-21 12:58:37,326 [INFO] [MainThread] [root/bar_manager.py:92]: Stopping WindowsNotificationEventListener...
2025-11-21 12:58:37,327 [INFO] [MainThread] [core.utils.widgets.taskbar.window_manager/window_manager.py:218]: TaskbarWindowManager stopped
2025-11-21 12:58:37,330 [DEBUG] [MainThread] [systray_widget/systray.py:509]: Updating current state
2025-11-21 12:58:37,330 [DEBUG] [MainThread] [systray_widget/systray.py:527]: Saving state to disk
2025-11-21 12:58:37,330 [DEBUG] [MainThread] [systray_widget/systray.py:531]: Saving state to C:\Users\fabri\AppData\Local\YASB\systray_state_DELLINCDELLP2723QE9J3LM54.json
2025-11-21 12:58:37,331 [DEBUG] [MainThread] [systray_widget/utils.py:96]: Destroying window 1182590
2025-11-21 12:58:37,332 [DEBUG] [MainThread] [systray_widget/utils.py:96]: Destroying window 1378528
2025-11-21 12:58:37,398 [DEBUG] [MainThread] [qasync._windows._EventPoller/_windows.py:220]: Stopping worker thread...
2025-11-21 12:58:37,410 [DEBUG] [Dummy-5] [qasync._windows._EventWorker/_windows.py:204]: Exiting thread
2025-11-21 12:58:37,416 [DEBUG] [MainThread] [qasync._windows._IocpProactor/_windows.py:78]: Closing
2025-11-21 12:58:37,438 [DEBUG] [MainThread] [systray_widget/utils.py:96]: Destroying window 1378528
2025-11-21 12:58:37,438 [DEBUG] [MainThread] [systray_widget/utils.py:96]: Destroying window 1182590
2025-11-21 12:58:37,630 [INFO] [MainThread] [root/log.py:59]: YASB v1.8.4
2025-11-21 12:58:37,631 [INFO] [Thread-1 (_run_server)] [cli_server/cli_server.py:212]: CLI server started v1.1.3
2025-11-21 12:58:37,631 [INFO] [MainThread] [cli_server/cli_server.py:104]: Log pipe server started
2025-11-21 12:58:37,815 [DEBUG] [MainThread] [tzlocal/win32.py:55]: Looking up time zone info from registry
2025-11-21 12:58:38,769 [DEBUG] [MainThread] [comtypes/__init__.py:149]: CoInitializeEx(None, 2)
2025-11-21 12:58:39,382 [INFO] [MainThread] [core.utils.widgets.taskbar.window_manager/window_manager.py:191]: TaskbarWindowManager is starting...
2025-11-21 12:58:39,384 [INFO] [MainThread] [root/bar_manager.py:85]: Starting WindowsNotificationEventListener...
2025-11-21 12:58:39,386 [INFO] [MainThread] [root/watcher.py:54]: Created file watcher for path C:\Users\fabri\.config\yasb
2025-11-21 12:58:39,428 [INFO] [MainThread] [root/update_service.py:321]: Background update checker started
2025-11-21 12:58:39,429 [DEBUG] [MainThread] [qasync._windows._EventPoller/_windows.py:215]: Starting (proactor: <_IocpProactor overlapped#=0 result#=0>)...
2025-11-21 12:58:39,430 [DEBUG] [Dummy-5] [qasync._windows._EventWorker/_windows.py:195]: Thread started
2025-11-21 12:58:39,571 [DEBUG] [MainThread] [systray_widget/systray.py:549]: Loading state from C:\Users\fabri\AppData\Local\YASB\systray_state_DELLINCDELLP2723QE9J3LM54.json
2025-11-21 12:58:39,579 [DEBUG] [TrayMonitor] [systray_widget/systray.py:58]: Systray thread is starting...
2025-11-21 12:58:39,579 [DEBUG] [TaskbarService] [systray_widget/systray.py:72]: TaskbarService thread is starting...
2025-11-21 12:58:39,597 [DEBUG] [TaskbarService] [root/tasks_service.py:75]: Found yasb systray hwnd: 2100002
2025-11-21 12:58:39,597 [DEBUG] [TaskbarService] [systray_widget/tasks_service.py:81]: Adding TaskbandHWND prop to hwnd 2100002
2025-11-21 12:58:39,607 [DEBUG] [MainThread] [systray_widget/systray.py:298]: Systray thread started
2025-11-21 12:58:39,629 [DEBUG] [TrayMonitor] [systray_widget/tray_monitor.py:228]: Finding real tray hwnd
2025-11-21 12:58:39,676 [INFO] [MainThread] [root/api.py:69]: Fetching new weather data at 2025-11-21 12:58:39.676772
2025-11-21 12:58:39,812 [DEBUG] [TaskbarService] [systray_widget/tasks_service.py:81]: Adding TaskbandHWND prop to hwnd 2100002
2025-11-21 12:58:39,833 [DEBUG] [MainThread] [systray_widget/tray_monitor.py:154]: Sending TaskbarCreated message: 49255
2025-11-21 12:58:40,845 [DEBUG] [MainThread] [systray_widget/systray.py:487]: Re-sorting widgets
2025-11-21 12:58:40,845 [DEBUG] [MainThread] [systray_widget/systray.py:509]: Updating current state
2025-11-21 12:58:42,049 [DEBUG] [MainThread] [systray_widget/systray.py:487]: Re-sorting widgets
2025-11-21 12:58:42,049 [DEBUG] [MainThread] [systray_widget/systray.py:509]: Updating current state
2025-11-21 12:58:49,079 [DEBUG] [MainThread] [systray_widget/systray.py:487]: Re-sorting widgets
2025-11-21 12:58:49,079 [DEBUG] [MainThread] [systray_widget/systray.py:509]: Updating current state
2025-11-21 12:59:57,120 [INFO] [MainThread] [root/controller.py:15]: Reloading Application because of config change.
2025-11-21 12:59:57,231 [INFO] [MainThread] [cli_server/cli_server.py:112]: Log pipe server stopped
2025-11-21 12:59:57,231 [DEBUG] [MainThread] [cli_server/cli_server.py:206]: CLI server stopped
2025-11-21 12:59:57,241 [INFO] [MainThread] [root/bar_manager.py:76]: Successfully loaded updated config and re-initialised all bars.
2025-11-21 12:59:57,291 [INFO] [MainThread] [root/bar_manager.py:92]: Stopping WindowsNotificationEventListener...
2025-11-21 12:59:57,292 [INFO] [MainThread] [core.utils.widgets.taskbar.window_manager/window_manager.py:218]: TaskbarWindowManager stopped
2025-11-21 12:59:57,294 [DEBUG] [MainThread] [systray_widget/systray.py:509]: Updating current state
2025-11-21 12:59:57,294 [DEBUG] [MainThread] [systray_widget/systray.py:527]: Saving state to disk
2025-11-21 12:59:57,294 [DEBUG] [MainThread] [systray_widget/systray.py:531]: Saving state to C:\Users\fabri\AppData\Local\YASB\systray_state_DELLINCDELLP2723QE9J3LM54.json
2025-11-21 12:59:57,295 [DEBUG] [MainThread] [systray_widget/utils.py:96]: Destroying window 2100002
2025-11-21 12:59:57,295 [DEBUG] [MainThread] [systray_widget/utils.py:96]: Destroying window 1181818
2025-11-21 12:59:57,359 [DEBUG] [MainThread] [qasync._windows._EventPoller/_windows.py:220]: Stopping worker thread...
2025-11-21 12:59:57,366 [DEBUG] [Dummy-5] [qasync._windows._EventWorker/_windows.py:204]: Exiting thread
2025-11-21 12:59:57,372 [DEBUG] [MainThread] [qasync._windows._IocpProactor/_windows.py:78]: Closing
2025-11-21 12:59:57,404 [DEBUG] [MainThread] [systray_widget/utils.py:96]: Destroying window 1181818
2025-11-21 12:59:57,404 [DEBUG] [MainThread] [systray_widget/utils.py:96]: Destroying window 2100002
2025-11-21 12:59:57,573 [INFO] [MainThread] [root/log.py:59]: YASB v1.8.4
2025-11-21 12:59:57,574 [INFO] [Thread-1 (_run_server)] [cli_server/cli_server.py:212]: CLI server started v1.1.3
2025-11-21 12:59:57,574 [INFO] [MainThread] [cli_server/cli_server.py:104]: Log pipe server started
2025-11-21 12:59:57,774 [DEBUG] [MainThread] [tzlocal/win32.py:55]: Looking up time zone info from registry
2025-11-21 12:59:58,742 [DEBUG] [MainThread] [comtypes/__init__.py:149]: CoInitializeEx(None, 2)
2025-11-21 12:59:59,316 [INFO] [MainThread] [core.utils.widgets.taskbar.window_manager/window_manager.py:191]: TaskbarWindowManager is starting...
2025-11-21 12:59:59,318 [INFO] [MainThread] [root/bar_manager.py:85]: Starting WindowsNotificationEventListener...
2025-11-21 12:59:59,319 [INFO] [MainThread] [root/watcher.py:54]: Created file watcher for path C:\Users\fabri\.config\yasb
2025-11-21 12:59:59,358 [INFO] [MainThread] [root/update_service.py:321]: Background update checker started
2025-11-21 12:59:59,358 [DEBUG] [MainThread] [qasync._windows._EventPoller/_windows.py:215]: Starting (proactor: <_IocpProactor overlapped#=0 result#=0>)...
2025-11-21 12:59:59,360 [DEBUG] [Dummy-5] [qasync._windows._EventWorker/_windows.py:195]: Thread started
2025-11-21 12:59:59,508 [DEBUG] [MainThread] [systray_widget/systray.py:549]: Loading state from C:\Users\fabri\AppData\Local\YASB\systray_state_DELLINCDELLP2723QE9J3LM54.json
2025-11-21 12:59:59,516 [DEBUG] [TrayMonitor] [systray_widget/systray.py:58]: Systray thread is starting...
2025-11-21 12:59:59,516 [DEBUG] [TaskbarService] [systray_widget/systray.py:72]: TaskbarService thread is starting...
2025-11-21 12:59:59,526 [DEBUG] [TaskbarService] [root/tasks_service.py:75]: Found yasb systray hwnd: 1245706
2025-11-21 12:59:59,526 [DEBUG] [TaskbarService] [systray_widget/tasks_service.py:81]: Adding TaskbandHWND prop to hwnd 1245706
2025-11-21 12:59:59,537 [DEBUG] [MainThread] [systray_widget/systray.py:298]: Systray thread started
2025-11-21 12:59:59,634 [INFO] [MainThread] [root/api.py:69]: Fetching new weather data at 2025-11-21 12:59:59.633991
2025-11-21 12:59:59,739 [DEBUG] [TaskbarService] [systray_widget/tasks_service.py:81]: Adding TaskbandHWND prop to hwnd 1245706
2025-11-21 12:59:59,742 [DEBUG] [TrayMonitor] [systray_widget/tray_monitor.py:228]: Finding real tray hwnd
2025-11-21 12:59:59,762 [DEBUG] [MainThread] [systray_widget/tray_monitor.py:154]: Sending TaskbarCreated message: 49255
2025-11-21 13:00:00,777 [DEBUG] [MainThread] [systray_widget/systray.py:487]: Re-sorting widgets
2025-11-21 13:00:00,778 [DEBUG] [MainThread] [systray_widget/systray.py:509]: Updating current state
2025-11-21 13:00:03,066 [DEBUG] [MainThread] [systray_widget/systray.py:487]: Re-sorting widgets
2025-11-21 13:00:03,066 [DEBUG] [MainThread] [systray_widget/systray.py:509]: Updating current state
2025-11-21 13:00:07,760 [INFO] [MainThread] [root/controller.py:15]: Reloading Application because of config change.
2025-11-21 13:00:07,864 [INFO] [MainThread] [cli_server/cli_server.py:112]: Log pipe server stopped
2025-11-21 13:00:07,864 [DEBUG] [MainThread] [cli_server/cli_server.py:206]: CLI server stopped
2025-11-21 13:00:07,875 [INFO] [MainThread] [root/bar_manager.py:76]: Successfully loaded updated config and re-initialised all bars.
2025-11-21 13:00:07,916 [INFO] [MainThread] [root/bar_manager.py:92]: Stopping WindowsNotificationEventListener...
2025-11-21 13:00:07,917 [INFO] [MainThread] [core.utils.widgets.taskbar.window_manager/window_manager.py:218]: TaskbarWindowManager stopped
2025-11-21 13:00:07,919 [DEBUG] [MainThread] [systray_widget/systray.py:509]: Updating current state
2025-11-21 13:00:07,920 [DEBUG] [MainThread] [systray_widget/systray.py:527]: Saving state to disk
2025-11-21 13:00:07,920 [DEBUG] [MainThread] [systray_widget/systray.py:531]: Saving state to C:\Users\fabri\AppData\Local\YASB\systray_state_DELLINCDELLP2723QE9J3LM54.json
2025-11-21 13:00:07,920 [DEBUG] [MainThread] [systray_widget/utils.py:96]: Destroying window 1245706
2025-11-21 13:00:07,921 [DEBUG] [MainThread] [systray_widget/utils.py:96]: Destroying window 3475766
2025-11-21 13:00:07,987 [DEBUG] [MainThread] [qasync._windows._EventPoller/_windows.py:220]: Stopping worker thread...
2025-11-21 13:00:08,000 [DEBUG] [Dummy-5] [qasync._windows._EventWorker/_windows.py:204]: Exiting thread
2025-11-21 13:00:08,004 [DEBUG] [MainThread] [qasync._windows._IocpProactor/_windows.py:78]: Closing
2025-11-21 13:00:08,039 [DEBUG] [MainThread] [systray_widget/utils.py:96]: Destroying window 3475766
2025-11-21 13:00:08,039 [DEBUG] [MainThread] [systray_widget/utils.py:96]: Destroying window 1245706
2025-11-21 13:00:08,228 [INFO] [MainThread] [root/log.py:59]: YASB v1.8.4
2025-11-21 13:00:08,230 [INFO] [Thread-1 (_run_server)] [cli_server/cli_server.py:212]: CLI server started v1.1.3
2025-11-21 13:00:08,230 [INFO] [MainThread] [cli_server/cli_server.py:104]: Log pipe server started
2025-11-21 13:00:08,356 [DEBUG] [MainThread] [comtypes/__init__.py:149]: CoInitializeEx(None, 2)
2025-11-21 13:00:08,497 [DEBUG] [MainThread] [tzlocal/win32.py:55]: Looking up time zone info from registry
2025-11-21 13:00:10,309 [INFO] [MainThread] [core.utils.widgets.taskbar.window_manager/window_manager.py:191]: TaskbarWindowManager is starting...
2025-11-21 13:00:10,313 [INFO] [MainThread] [root/bar_manager.py:85]: Starting WindowsNotificationEventListener...
2025-11-21 13:00:10,314 [INFO] [MainThread] [root/watcher.py:54]: Created file watcher for path C:\Users\fabri\.config\yasb
2025-11-21 13:00:10,351 [INFO] [MainThread] [root/update_service.py:321]: Background update checker started
2025-11-21 13:00:10,352 [DEBUG] [MainThread] [qasync._windows._EventPoller/_windows.py:215]: Starting (proactor: <_IocpProactor overlapped#=0 result#=0>)...
2025-11-21 13:00:10,353 [DEBUG] [Dummy-5] [qasync._windows._EventWorker/_windows.py:195]: Thread started
2025-11-21 13:00:10,514 [DEBUG] [MainThread] [systray_widget/systray.py:549]: Loading state from C:\Users\fabri\AppData\Local\YASB\systray_state_DELLINCDELLP2723QE9J3LM54.json
2025-11-21 13:00:10,522 [DEBUG] [TrayMonitor] [systray_widget/systray.py:58]: Systray thread is starting...
2025-11-21 13:00:10,523 [DEBUG] [TaskbarService] [systray_widget/systray.py:72]: TaskbarService thread is starting...
2025-11-21 13:00:10,533 [DEBUG] [TaskbarService] [root/tasks_service.py:75]: Found yasb systray hwnd: 2097536
2025-11-21 13:00:10,533 [DEBUG] [TaskbarService] [systray_widget/tasks_service.py:81]: Adding TaskbandHWND prop to hwnd 2097536
2025-11-21 13:00:10,542 [INFO] [MainThread] [root/api.py:69]: Fetching new weather data at 2025-11-21 13:00:10.542349
2025-11-21 13:00:10,548 [DEBUG] [MainThread] [systray_widget/systray.py:298]: Systray thread started
2025-11-21 13:00:10,766 [DEBUG] [TaskbarService] [systray_widget/tasks_service.py:81]: Adding TaskbandHWND prop to hwnd 2097536
2025-11-21 13:00:10,767 [DEBUG] [TrayMonitor] [systray_widget/tray_monitor.py:228]: Finding real tray hwnd
2025-11-21 13:00:10,786 [DEBUG] [MainThread] [systray_widget/tray_monitor.py:154]: Sending TaskbarCreated message: 49255
2025-11-21 13:00:12,067 [DEBUG] [MainThread] [systray_widget/systray.py:487]: Re-sorting widgets
2025-11-21 13:00:12,067 [DEBUG] [MainThread] [systray_widget/systray.py:509]: Updating current state
2025-11-21 13:00:14,289 [INFO] [MainThread] [root/controller.py:15]: Reloading Application because of config change.
2025-11-21 13:00:14,398 [INFO] [MainThread] [cli_server/cli_server.py:112]: Log pipe server stopped
2025-11-21 13:00:14,398 [DEBUG] [MainThread] [cli_server/cli_server.py:206]: CLI server stopped
2025-11-21 13:00:14,408 [INFO] [MainThread] [root/bar_manager.py:76]: Successfully loaded updated config and re-initialised all bars.
2025-11-21 13:00:14,452 [INFO] [MainThread] [root/bar_manager.py:92]: Stopping WindowsNotificationEventListener...
2025-11-21 13:00:14,453 [INFO] [MainThread] [core.utils.widgets.taskbar.window_manager/window_manager.py:218]: TaskbarWindowManager stopped
2025-11-21 13:00:14,455 [DEBUG] [MainThread] [systray_widget/systray.py:509]: Updating current state
2025-11-21 13:00:14,455 [DEBUG] [MainThread] [systray_widget/systray.py:527]: Saving state to disk
2025-11-21 13:00:14,456 [DEBUG] [MainThread] [systray_widget/systray.py:531]: Saving state to C:\Users\fabri\AppData\Local\YASB\systray_state_DELLINCDELLP2723QE9J3LM54.json
2025-11-21 13:00:14,456 [DEBUG] [MainThread] [systray_widget/utils.py:96]: Destroying window 2097536
2025-11-21 13:00:14,457 [DEBUG] [MainThread] [systray_widget/utils.py:96]: Destroying window 1507856
2025-11-21 13:00:14,512 [DEBUG] [MainThread] [qasync._windows._EventPoller/_windows.py:220]: Stopping worker thread...
2025-11-21 13:00:14,530 [DEBUG] [Dummy-5] [qasync._windows._EventWorker/_windows.py:204]: Exiting thread
2025-11-21 13:00:14,533 [DEBUG] [MainThread] [qasync._windows._IocpProactor/_windows.py:78]: Closing
2025-11-21 13:00:14,561 [DEBUG] [MainThread] [systray_widget/utils.py:96]: Destroying window 1507856
2025-11-21 13:00:14,561 [DEBUG] [MainThread] [systray_widget/utils.py:96]: Destroying window 2097536
2025-11-21 13:00:14,731 [INFO] [MainThread] [root/log.py:59]: YASB v1.8.4
2025-11-21 13:00:14,733 [INFO] [Thread-1 (_run_server)] [cli_server/cli_server.py:212]: CLI server started v1.1.3
2025-11-21 13:00:14,733 [INFO] [MainThread] [cli_server/cli_server.py:104]: Log pipe server started
2025-11-21 13:00:14,867 [DEBUG] [MainThread] [comtypes/__init__.py:149]: CoInitializeEx(None, 2)
2025-11-21 13:00:14,990 [DEBUG] [MainThread] [tzlocal/win32.py:55]: Looking up time zone info from registry
2025-11-21 13:00:16,412 [INFO] [MainThread] [core.utils.widgets.taskbar.window_manager/window_manager.py:191]: TaskbarWindowManager is starting...
2025-11-21 13:00:16,416 [INFO] [MainThread] [root/bar_manager.py:85]: Starting WindowsNotificationEventListener...
2025-11-21 13:00:16,418 [INFO] [MainThread] [root/watcher.py:54]: Created file watcher for path C:\Users\fabri\.config\yasb
2025-11-21 13:00:16,460 [INFO] [MainThread] [root/update_service.py:321]: Background update checker started
2025-11-21 13:00:16,461 [DEBUG] [MainThread] [qasync._windows._EventPoller/_windows.py:215]: Starting (proactor: <_IocpProactor overlapped#=0 result#=0>)...
2025-11-21 13:00:16,462 [DEBUG] [Dummy-5] [qasync._windows._EventWorker/_windows.py:195]: Thread started
2025-11-21 13:00:16,604 [DEBUG] [MainThread] [systray_widget/systray.py:549]: Loading state from C:\Users\fabri\AppData\Local\YASB\systray_state_DELLINCDELLP2723QE9J3LM54.json
2025-11-21 13:00:16,610 [DEBUG] [TaskbarService] [systray_widget/systray.py:72]: TaskbarService thread is starting...
2025-11-21 13:00:16,610 [DEBUG] [TrayMonitor] [systray_widget/systray.py:58]: Systray thread is starting...
2025-11-21 13:00:16,620 [DEBUG] [TaskbarService] [root/tasks_service.py:75]: Found yasb systray hwnd: 2163072
2025-11-21 13:00:16,621 [DEBUG] [TaskbarService] [systray_widget/tasks_service.py:81]: Adding TaskbandHWND prop to hwnd 2163072
2025-11-21 13:00:16,629 [INFO] [MainThread] [root/api.py:69]: Fetching new weather data at 2025-11-21 13:00:16.629409
2025-11-21 13:00:16,634 [DEBUG] [MainThread] [systray_widget/systray.py:298]: Systray thread started
2025-11-21 13:00:16,848 [DEBUG] [TaskbarService] [systray_widget/tasks_service.py:81]: Adding TaskbandHWND prop to hwnd 2163072
2025-11-21 13:00:16,849 [DEBUG] [TrayMonitor] [systray_widget/tray_monitor.py:228]: Finding real tray hwnd
2025-11-21 13:00:16,865 [DEBUG] [MainThread] [systray_widget/tray_monitor.py:154]: Sending TaskbarCreated message: 49255
2025-11-21 13:00:18,077 [DEBUG] [MainThread] [systray_widget/systray.py:487]: Re-sorting widgets
2025-11-21 13:00:18,078 [DEBUG] [MainThread] [systray_widget/systray.py:509]: Updating current state
2025-11-21 13:00:19,849 [DEBUG] [MainThread] [systray_widget/systray.py:487]: Re-sorting widgets
2025-11-21 13:00:19,849 [DEBUG] [MainThread] [systray_widget/systray.py:509]: Updating current state
2025-11-21 13:00:24,453 [INFO] [MainThread] [root/controller.py:15]: Reloading Application because of config change.
2025-11-21 13:00:24,563 [INFO] [MainThread] [cli_server/cli_server.py:112]: Log pipe server stopped
2025-11-21 13:00:24,563 [DEBUG] [MainThread] [cli_server/cli_server.py:206]: CLI server stopped
2025-11-21 13:00:24,575 [INFO] [MainThread] [root/bar_manager.py:76]: Successfully loaded updated config and re-initialised all bars.
2025-11-21 13:00:24,620 [INFO] [MainThread] [root/bar_manager.py:92]: Stopping WindowsNotificationEventListener...
2025-11-21 13:00:24,621 [INFO] [MainThread] [core.utils.widgets.taskbar.window_manager/window_manager.py:218]: TaskbarWindowManager stopped
2025-11-21 13:00:24,623 [DEBUG] [MainThread] [systray_widget/systray.py:509]: Updating current state
2025-11-21 13:00:24,623 [DEBUG] [MainThread] [systray_widget/systray.py:527]: Saving state to disk
2025-11-21 13:00:24,623 [DEBUG] [MainThread] [systray_widget/systray.py:531]: Saving state to C:\Users\fabri\AppData\Local\YASB\systray_state_DELLINCDELLP2723QE9J3LM54.json
2025-11-21 13:00:24,624 [DEBUG] [MainThread] [systray_widget/utils.py:96]: Destroying window 2163072
2025-11-21 13:00:24,624 [DEBUG] [MainThread] [systray_widget/utils.py:96]: Destroying window 2885900
2025-11-21 13:00:24,695 [DEBUG] [MainThread] [qasync._windows._EventPoller/_windows.py:220]: Stopping worker thread...
2025-11-21 13:00:24,700 [DEBUG] [Dummy-5] [qasync._windows._EventWorker/_windows.py:204]: Exiting thread
2025-11-21 13:00:24,705 [DEBUG] [MainThread] [qasync._windows._IocpProactor/_windows.py:78]: Closing
2025-11-21 13:00:24,736 [DEBUG] [MainThread] [systray_widget/utils.py:96]: Destroying window 2885900
2025-11-21 13:00:24,736 [DEBUG] [MainThread] [systray_widget/utils.py:96]: Destroying window 2163072
2025-11-21 13:00:24,903 [INFO] [MainThread] [root/log.py:59]: YASB v1.8.4
2025-11-21 13:00:24,904 [INFO] [Thread-1 (_run_server)] [cli_server/cli_server.py:212]: CLI server started v1.1.3
2025-11-21 13:00:24,904 [INFO] [MainThread] [cli_server/cli_server.py:104]: Log pipe server started
2025-11-21 13:00:25,031 [DEBUG] [MainThread] [comtypes/__init__.py:149]: CoInitializeEx(None, 2)
2025-11-21 13:00:25,153 [DEBUG] [MainThread] [tzlocal/win32.py:55]: Looking up time zone info from registry
2025-11-21 13:00:26,634 [INFO] [MainThread] [core.utils.widgets.taskbar.window_manager/window_manager.py:191]: TaskbarWindowManager is starting...
2025-11-21 13:00:26,636 [INFO] [MainThread] [root/bar_manager.py:85]: Starting WindowsNotificationEventListener...
2025-11-21 13:00:26,637 [INFO] [MainThread] [root/watcher.py:54]: Created file watcher for path C:\Users\fabri\.config\yasb
2025-11-21 13:00:26,673 [INFO] [MainThread] [root/update_service.py:321]: Background update checker started
2025-11-21 13:00:26,673 [DEBUG] [MainThread] [qasync._windows._EventPoller/_windows.py:215]: Starting (proactor: <_IocpProactor overlapped#=0 result#=0>)...
2025-11-21 13:00:26,675 [DEBUG] [Dummy-5] [qasync._windows._EventWorker/_windows.py:195]: Thread started
2025-11-21 13:00:26,818 [DEBUG] [MainThread] [systray_widget/systray.py:549]: Loading state from C:\Users\fabri\AppData\Local\YASB\systray_state_DELLINCDELLP2723QE9J3LM54.json
2025-11-21 13:00:26,826 [DEBUG] [TrayMonitor] [systray_widget/systray.py:58]: Systray thread is starting...
2025-11-21 13:00:26,826 [DEBUG] [TaskbarService] [systray_widget/systray.py:72]: TaskbarService thread is starting...
2025-11-21 13:00:26,843 [DEBUG] [TaskbarService] [root/tasks_service.py:75]: Found yasb systray hwnd: 2230452
2025-11-21 13:00:26,843 [DEBUG] [TaskbarService] [systray_widget/tasks_service.py:81]: Adding TaskbandHWND prop to hwnd 2230452
2025-11-21 13:00:26,854 [DEBUG] [MainThread] [systray_widget/systray.py:298]: Systray thread started
2025-11-21 13:00:26,902 [INFO] [MainThread] [root/api.py:69]: Fetching new weather data at 2025-11-21 13:00:26.902496
2025-11-21 13:00:27,003 [DEBUG] [TrayMonitor] [systray_widget/tray_monitor.py:228]: Finding real tray hwnd
2025-11-21 13:00:27,067 [DEBUG] [TaskbarService] [systray_widget/tasks_service.py:81]: Adding TaskbandHWND prop to hwnd 2230452
2025-11-21 13:00:27,090 [DEBUG] [MainThread] [systray_widget/tray_monitor.py:154]: Sending TaskbarCreated message: 49255
2025-11-21 13:00:28,100 [DEBUG] [MainThread] [systray_widget/systray.py:487]: Re-sorting widgets
2025-11-21 13:00:28,101 [DEBUG] [MainThread] [systray_widget/systray.py:509]: Updating current state
2025-11-21 13:00:30,129 [DEBUG] [MainThread] [systray_widget/systray.py:487]: Re-sorting widgets
2025-11-21 13:00:30,130 [DEBUG] [MainThread] [systray_widget/systray.py:509]: Updating current state
2025-11-21 13:00:36,133 [DEBUG] [MainThread] [systray_widget/systray.py:487]: Re-sorting widgets
2025-11-21 13:00:36,134 [DEBUG] [MainThread] [systray_widget/systray.py:509]: Updating current state
2025-11-21 13:00:40,931 [ERROR] [MainThread] [root/config.py:124]: The file 'C:\Users\fabri\.config\yasb\config.yaml' contains Parser Error(s). Please fix:
while parsing a flow sequence
  in "C:\Users\fabri\.config\yasb\config.yaml", line 28, column 9
expected ',' or ']', but got '<scalar>'
  in "C:\Users\fabri\.config\yasb\config.yaml", line 31, column 11
2025-11-21 13:00:42,112 [INFO] [MainThread] [root/controller.py:15]: Reloading Application because of config change.
2025-11-21 13:00:42,216 [INFO] [MainThread] [cli_server/cli_server.py:112]: Log pipe server stopped
2025-11-21 13:00:42,216 [DEBUG] [MainThread] [cli_server/cli_server.py:206]: CLI server stopped
2025-11-21 13:00:42,239 [INFO] [MainThread] [root/bar_manager.py:76]: Successfully loaded updated config and re-initialised all bars.
2025-11-21 13:00:42,283 [INFO] [MainThread] [root/bar_manager.py:92]: Stopping WindowsNotificationEventListener...
2025-11-21 13:00:42,283 [INFO] [MainThread] [core.utils.widgets.taskbar.window_manager/window_manager.py:218]: TaskbarWindowManager stopped
2025-11-21 13:00:42,285 [DEBUG] [MainThread] [systray_widget/systray.py:509]: Updating current state
2025-11-21 13:00:42,285 [DEBUG] [MainThread] [systray_widget/systray.py:527]: Saving state to disk
2025-11-21 13:00:42,286 [DEBUG] [MainThread] [systray_widget/systray.py:531]: Saving state to C:\Users\fabri\AppData\Local\YASB\systray_state_DELLINCDELLP2723QE9J3LM54.json
2025-11-21 13:00:42,286 [DEBUG] [MainThread] [systray_widget/utils.py:96]: Destroying window 2230452
2025-11-21 13:00:42,287 [DEBUG] [MainThread] [systray_widget/utils.py:96]: Destroying window 1966802
2025-11-21 13:00:42,351 [DEBUG] [MainThread] [qasync._windows._EventPoller/_windows.py:220]: Stopping worker thread...
2025-11-21 13:00:42,353 [DEBUG] [Dummy-5] [qasync._windows._EventWorker/_windows.py:204]: Exiting thread
2025-11-21 13:00:42,358 [DEBUG] [MainThread] [qasync._windows._IocpProactor/_windows.py:78]: Closing
2025-11-21 13:00:42,389 [DEBUG] [MainThread] [systray_widget/utils.py:96]: Destroying window 1966802
2025-11-21 13:00:42,389 [DEBUG] [MainThread] [systray_widget/utils.py:96]: Destroying window 2230452
2025-11-21 13:00:42,560 [INFO] [MainThread] [root/log.py:59]: YASB v1.8.4
2025-11-21 13:00:42,561 [INFO] [Thread-1 (_run_server)] [cli_server/cli_server.py:212]: CLI server started v1.1.3
2025-11-21 13:00:42,561 [INFO] [MainThread] [cli_server/cli_server.py:104]: Log pipe server started
2025-11-21 13:00:42,742 [DEBUG] [MainThread] [tzlocal/win32.py:55]: Looking up time zone info from registry
2025-11-21 13:00:43,719 [DEBUG] [MainThread] [comtypes/__init__.py:149]: CoInitializeEx(None, 2)
2025-11-21 13:00:44,310 [INFO] [MainThread] [core.utils.widgets.taskbar.window_manager/window_manager.py:191]: TaskbarWindowManager is starting...
2025-11-21 13:00:44,312 [INFO] [MainThread] [root/bar_manager.py:85]: Starting WindowsNotificationEventListener...
2025-11-21 13:00:44,313 [INFO] [MainThread] [root/watcher.py:54]: Created file watcher for path C:\Users\fabri\.config\yasb
2025-11-21 13:00:44,353 [INFO] [MainThread] [root/update_service.py:321]: Background update checker started
2025-11-21 13:00:44,353 [DEBUG] [MainThread] [qasync._windows._EventPoller/_windows.py:215]: Starting (proactor: <_IocpProactor overlapped#=0 result#=0>)...
2025-11-21 13:00:44,354 [DEBUG] [Dummy-5] [qasync._windows._EventWorker/_windows.py:195]: Thread started
2025-11-21 13:00:44,474 [DEBUG] [MainThread] [systray_widget/systray.py:549]: Loading state from C:\Users\fabri\AppData\Local\YASB\systray_state_DELLINCDELLP2723QE9J3LM54.json
2025-11-21 13:00:44,476 [DEBUG] [TaskbarService] [systray_widget/systray.py:72]: TaskbarService thread is starting...
2025-11-21 13:00:44,477 [DEBUG] [TrayMonitor] [systray_widget/systray.py:58]: Systray thread is starting...
2025-11-21 13:00:44,514 [DEBUG] [TaskbarService] [root/tasks_service.py:75]: Found yasb systray hwnd: 1573386
2025-11-21 13:00:44,514 [DEBUG] [TaskbarService] [systray_widget/tasks_service.py:81]: Adding TaskbandHWND prop to hwnd 1573386
2025-11-21 13:00:44,531 [DEBUG] [MainThread] [systray_widget/systray.py:298]: Systray thread started
2025-11-21 13:00:44,613 [INFO] [MainThread] [root/api.py:69]: Fetching new weather data at 2025-11-21 13:00:44.613720
2025-11-21 13:00:44,734 [DEBUG] [TaskbarService] [systray_widget/tasks_service.py:81]: Adding TaskbandHWND prop to hwnd 1573386
2025-11-21 13:00:44,735 [DEBUG] [TrayMonitor] [systray_widget/tray_monitor.py:228]: Finding real tray hwnd
2025-11-21 13:00:44,759 [DEBUG] [MainThread] [systray_widget/tray_monitor.py:154]: Sending TaskbarCreated message: 49255
2025-11-21 13:00:45,787 [DEBUG] [MainThread] [systray_widget/systray.py:487]: Re-sorting widgets
2025-11-21 13:00:45,787 [DEBUG] [MainThread] [systray_widget/systray.py:509]: Updating current state
2025-11-21 13:00:48,023 [DEBUG] [MainThread] [systray_widget/systray.py:487]: Re-sorting widgets
2025-11-21 13:00:48,024 [DEBUG] [MainThread] [systray_widget/systray.py:509]: Updating current state
2025-11-21 13:00:53,781 [DEBUG] [MainThread] [systray_widget/systray.py:487]: Re-sorting widgets
2025-11-21 13:00:53,781 [DEBUG] [MainThread] [systray_widget/systray.py:509]: Updating current state
2025-11-21 13:01:35,939 [INFO] [MainThread] [root/controller.py:15]: Reloading Application because of config change.
2025-11-21 13:01:36,044 [INFO] [MainThread] [cli_server/cli_server.py:112]: Log pipe server stopped
2025-11-21 13:01:36,044 [DEBUG] [MainThread] [cli_server/cli_server.py:206]: CLI server stopped
2025-11-21 13:01:36,063 [INFO] [MainThread] [root/bar_manager.py:76]: Successfully loaded updated config and re-initialised all bars.
2025-11-21 13:01:36,112 [INFO] [MainThread] [root/bar_manager.py:92]: Stopping WindowsNotificationEventListener...
2025-11-21 13:01:36,113 [INFO] [MainThread] [core.utils.widgets.taskbar.window_manager/window_manager.py:218]: TaskbarWindowManager stopped
2025-11-21 13:01:36,115 [DEBUG] [MainThread] [systray_widget/systray.py:509]: Updating current state
2025-11-21 13:01:36,115 [DEBUG] [MainThread] [systray_widget/systray.py:527]: Saving state to disk
2025-11-21 13:01:36,115 [DEBUG] [MainThread] [systray_widget/systray.py:531]: Saving state to C:\Users\fabri\AppData\Local\YASB\systray_state_DELLINCDELLP2723QE9J3LM54.json
2025-11-21 13:01:36,116 [DEBUG] [MainThread] [systray_widget/utils.py:96]: Destroying window 1573386
2025-11-21 13:01:36,116 [DEBUG] [MainThread] [systray_widget/utils.py:96]: Destroying window 919602
2025-11-21 13:01:36,189 [DEBUG] [MainThread] [qasync._windows._EventPoller/_windows.py:220]: Stopping worker thread...
2025-11-21 13:01:36,197 [DEBUG] [Dummy-5] [qasync._windows._EventWorker/_windows.py:204]: Exiting thread
2025-11-21 13:01:36,200 [DEBUG] [MainThread] [qasync._windows._IocpProactor/_windows.py:78]: Closing
2025-11-21 13:01:36,242 [DEBUG] [MainThread] [systray_widget/utils.py:96]: Destroying window 919602
2025-11-21 13:01:36,242 [DEBUG] [MainThread] [systray_widget/utils.py:96]: Destroying window 1573386
2025-11-21 13:01:36,422 [INFO] [MainThread] [root/log.py:59]: YASB v1.8.4
2025-11-21 13:01:36,423 [INFO] [Thread-1 (_run_server)] [cli_server/cli_server.py:212]: CLI server started v1.1.3
2025-11-21 13:01:36,424 [INFO] [MainThread] [cli_server/cli_server.py:104]: Log pipe server started
2025-11-21 13:01:36,606 [DEBUG] [MainThread] [tzlocal/win32.py:55]: Looking up time zone info from registry
2025-11-21 13:01:37,666 [DEBUG] [MainThread] [comtypes/__init__.py:149]: CoInitializeEx(None, 2)
2025-11-21 13:01:38,246 [INFO] [MainThread] [core.utils.widgets.taskbar.window_manager/window_manager.py:191]: TaskbarWindowManager is starting...
2025-11-21 13:01:38,248 [INFO] [MainThread] [root/bar_manager.py:85]: Starting WindowsNotificationEventListener...
2025-11-21 13:01:38,250 [INFO] [MainThread] [root/watcher.py:54]: Created file watcher for path C:\Users\fabri\.config\yasb
2025-11-21 13:01:38,290 [INFO] [MainThread] [root/update_service.py:321]: Background update checker started
2025-11-21 13:01:38,290 [DEBUG] [MainThread] [qasync._windows._EventPoller/_windows.py:215]: Starting (proactor: <_IocpProactor overlapped#=0 result#=0>)...
2025-11-21 13:01:38,292 [DEBUG] [Dummy-5] [qasync._windows._EventWorker/_windows.py:195]: Thread started
2025-11-21 13:01:38,408 [DEBUG] [MainThread] [systray_widget/systray.py:549]: Loading state from C:\Users\fabri\AppData\Local\YASB\systray_state_DELLINCDELLP2723QE9J3LM54.json
2025-11-21 13:01:38,410 [DEBUG] [TrayMonitor] [systray_widget/systray.py:58]: Systray thread is starting...
2025-11-21 13:01:38,410 [DEBUG] [TaskbarService] [systray_widget/systray.py:72]: TaskbarService thread is starting...
2025-11-21 13:01:38,455 [DEBUG] [TaskbarService] [root/tasks_service.py:75]: Found yasb systray hwnd: 2359680
2025-11-21 13:01:38,455 [DEBUG] [TaskbarService] [systray_widget/tasks_service.py:81]: Adding TaskbandHWND prop to hwnd 2359680
2025-11-21 13:01:38,464 [DEBUG] [MainThread] [systray_widget/systray.py:298]: Systray thread started
2025-11-21 13:01:38,527 [INFO] [MainThread] [root/api.py:69]: Fetching new weather data at 2025-11-21 13:01:38.527826
2025-11-21 13:01:38,656 [DEBUG] [TaskbarService] [systray_widget/tasks_service.py:81]: Adding TaskbandHWND prop to hwnd 2359680
2025-11-21 13:01:38,657 [DEBUG] [TrayMonitor] [systray_widget/tray_monitor.py:228]: Finding real tray hwnd
2025-11-21 13:01:38,677 [DEBUG] [MainThread] [systray_widget/tray_monitor.py:154]: Sending TaskbarCreated message: 49255
2025-11-21 13:01:39,702 [DEBUG] [MainThread] [systray_widget/systray.py:487]: Re-sorting widgets
2025-11-21 13:01:39,703 [DEBUG] [MainThread] [systray_widget/systray.py:509]: Updating current state
2025-11-21 13:01:42,105 [DEBUG] [MainThread] [systray_widget/systray.py:487]: Re-sorting widgets
2025-11-21 13:01:42,105 [DEBUG] [MainThread] [systray_widget/systray.py:509]: Updating current state
2025-11-21 13:01:47,724 [DEBUG] [MainThread] [systray_widget/systray.py:487]: Re-sorting widgets
2025-11-21 13:01:47,724 [DEBUG] [MainThread] [systray_widget/systray.py:509]: Updating current state
2025-11-21 13:03:20,441 [DEBUG] [MainThread] [systray_widget/systray.py:487]: Re-sorting widgets
2025-11-21 13:03:20,441 [DEBUG] [MainThread] [systray_widget/systray.py:509]: Updating current state
2025-11-21 13:06:27,888 [INFO] [MainThread] [root/controller.py:15]: Reloading Application because of config change.
2025-11-21 13:06:27,995 [INFO] [MainThread] [cli_server/cli_server.py:112]: Log pipe server stopped
2025-11-21 13:06:27,995 [DEBUG] [MainThread] [cli_server/cli_server.py:206]: CLI server stopped
2025-11-21 13:06:28,007 [INFO] [MainThread] [root/bar_manager.py:76]: Successfully loaded updated config and re-initialised all bars.
2025-11-21 13:06:28,047 [INFO] [MainThread] [root/bar_manager.py:92]: Stopping WindowsNotificationEventListener...
2025-11-21 13:06:28,050 [INFO] [MainThread] [core.utils.widgets.taskbar.window_manager/window_manager.py:218]: TaskbarWindowManager stopped
2025-11-21 13:06:28,053 [DEBUG] [MainThread] [systray_widget/systray.py:509]: Updating current state
2025-11-21 13:06:28,054 [DEBUG] [MainThread] [systray_widget/systray.py:527]: Saving state to disk
2025-11-21 13:06:28,054 [DEBUG] [MainThread] [systray_widget/systray.py:531]: Saving state to C:\Users\fabri\AppData\Local\YASB\systray_state_DELLINCDELLP2723QE9J3LM54.json
2025-11-21 13:06:28,055 [DEBUG] [MainThread] [systray_widget/utils.py:96]: Destroying window 2359680
2025-11-21 13:06:28,055 [DEBUG] [MainThread] [systray_widget/utils.py:96]: Destroying window 722110
2025-11-21 13:06:28,071 [DEBUG] [MainThread] [qasync._windows._EventPoller/_windows.py:220]: Stopping worker thread...
2025-11-21 13:06:28,073 [DEBUG] [Dummy-5] [qasync._windows._EventWorker/_windows.py:204]: Exiting thread
2025-11-21 13:06:28,078 [DEBUG] [MainThread] [qasync._windows._IocpProactor/_windows.py:78]: Closing
2025-11-21 13:06:28,127 [DEBUG] [MainThread] [systray_widget/utils.py:96]: Destroying window 722110
2025-11-21 13:06:28,128 [DEBUG] [MainThread] [systray_widget/utils.py:96]: Destroying window 2359680
2025-11-21 13:06:28,320 [INFO] [MainThread] [root/log.py:59]: YASB v1.8.4
2025-11-21 13:06:28,321 [INFO] [Thread-1 (_run_server)] [cli_server/cli_server.py:212]: CLI server started v1.1.3
2025-11-21 13:06:28,322 [INFO] [MainThread] [cli_server/cli_server.py:104]: Log pipe server started
2025-11-21 13:06:28,499 [DEBUG] [MainThread] [tzlocal/win32.py:55]: Looking up time zone info from registry
2025-11-21 13:06:29,613 [DEBUG] [MainThread] [comtypes/__init__.py:149]: CoInitializeEx(None, 2)
2025-11-21 13:06:30,247 [INFO] [MainThread] [core.utils.widgets.taskbar.window_manager/window_manager.py:191]: TaskbarWindowManager is starting...
2025-11-21 13:06:30,249 [INFO] [MainThread] [root/bar_manager.py:85]: Starting WindowsNotificationEventListener...
2025-11-21 13:06:30,250 [INFO] [MainThread] [root/watcher.py:54]: Created file watcher for path C:\Users\fabri\.config\yasb
2025-11-21 13:06:30,285 [INFO] [MainThread] [root/update_service.py:321]: Background update checker started
2025-11-21 13:06:30,285 [DEBUG] [MainThread] [qasync._windows._EventPoller/_windows.py:215]: Starting (proactor: <_IocpProactor overlapped#=0 result#=0>)...
2025-11-21 13:06:30,286 [DEBUG] [Dummy-5] [qasync._windows._EventWorker/_windows.py:195]: Thread started
2025-11-21 13:06:30,399 [DEBUG] [MainThread] [systray_widget/systray.py:549]: Loading state from C:\Users\fabri\AppData\Local\YASB\systray_state_DELLINCDELLP2723QE9J3LM54.json
2025-11-21 13:06:30,403 [DEBUG] [TrayMonitor] [systray_widget/systray.py:58]: Systray thread is starting...
2025-11-21 13:06:30,424 [DEBUG] [TaskbarService] [systray_widget/systray.py:72]: TaskbarService thread is starting...
2025-11-21 13:06:30,446 [DEBUG] [TaskbarService] [root/tasks_service.py:75]: Found yasb systray hwnd: 3868762
2025-11-21 13:06:30,447 [DEBUG] [TaskbarService] [systray_widget/tasks_service.py:81]: Adding TaskbandHWND prop to hwnd 3868762
2025-11-21 13:06:30,457 [DEBUG] [MainThread] [systray_widget/systray.py:298]: Systray thread started
2025-11-21 13:06:30,659 [DEBUG] [TaskbarService] [systray_widget/tasks_service.py:81]: Adding TaskbandHWND prop to hwnd 3868762
2025-11-21 13:06:30,660 [DEBUG] [TrayMonitor] [systray_widget/tray_monitor.py:228]: Finding real tray hwnd
2025-11-21 13:06:30,694 [DEBUG] [MainThread] [systray_widget/tray_monitor.py:154]: Sending TaskbarCreated message: 49255
2025-11-21 13:06:30,718 [INFO] [MainThread] [root/api.py:69]: Fetching new weather data at 2025-11-21 13:06:30.718316
2025-11-21 13:06:31,732 [DEBUG] [MainThread] [systray_widget/systray.py:487]: Re-sorting widgets
2025-11-21 13:06:31,732 [DEBUG] [MainThread] [systray_widget/systray.py:509]: Updating current state
2025-11-21 13:06:33,096 [DEBUG] [MainThread] [systray_widget/systray.py:487]: Re-sorting widgets
2025-11-21 13:06:33,096 [DEBUG] [MainThread] [systray_widget/systray.py:509]: Updating current state
2025-11-21 13:06:39,941 [DEBUG] [MainThread] [systray_widget/systray.py:487]: Re-sorting widgets
2025-11-21 13:06:39,942 [DEBUG] [MainThread] [systray_widget/systray.py:509]: Updating current state
2025-11-21 13:07:20,818 [INFO] [MainThread] [root/controller.py:15]: Reloading Application because of config change.
2025-11-21 13:07:20,929 [INFO] [MainThread] [cli_server/cli_server.py:112]: Log pipe server stopped
2025-11-21 13:07:20,929 [DEBUG] [MainThread] [cli_server/cli_server.py:206]: CLI server stopped
2025-11-21 13:07:20,953 [INFO] [MainThread] [root/bar_manager.py:76]: Successfully loaded updated config and re-initialised all bars.
2025-11-21 13:07:20,988 [INFO] [MainThread] [root/bar_manager.py:92]: Stopping WindowsNotificationEventListener...
2025-11-21 13:07:20,989 [INFO] [MainThread] [core.utils.widgets.taskbar.window_manager/window_manager.py:218]: TaskbarWindowManager stopped
2025-11-21 13:07:20,992 [DEBUG] [MainThread] [systray_widget/systray.py:509]: Updating current state
2025-11-21 13:07:20,992 [DEBUG] [MainThread] [systray_widget/systray.py:527]: Saving state to disk
2025-11-21 13:07:20,993 [DEBUG] [MainThread] [systray_widget/systray.py:531]: Saving state to C:\Users\fabri\AppData\Local\YASB\systray_state_DELLINCDELLP2723QE9J3LM54.json
2025-11-21 13:07:20,993 [DEBUG] [MainThread] [systray_widget/utils.py:96]: Destroying window 3868762
2025-11-21 13:07:20,994 [DEBUG] [MainThread] [systray_widget/utils.py:96]: Destroying window 1835536
2025-11-21 13:07:21,045 [DEBUG] [MainThread] [qasync._windows._EventPoller/_windows.py:220]: Stopping worker thread...
2025-11-21 13:07:21,051 [DEBUG] [Dummy-5] [qasync._windows._EventWorker/_windows.py:204]: Exiting thread
2025-11-21 13:07:21,054 [DEBUG] [MainThread] [qasync._windows._IocpProactor/_windows.py:78]: Closing
2025-11-21 13:07:21,079 [DEBUG] [MainThread] [systray_widget/utils.py:96]: Destroying window 1835536
2025-11-21 13:07:21,080 [DEBUG] [MainThread] [systray_widget/utils.py:96]: Destroying window 3868762
2025-11-21 13:07:21,263 [INFO] [MainThread] [root/log.py:59]: YASB v1.8.4
2025-11-21 13:07:21,264 [INFO] [Thread-1 (_run_server)] [cli_server/cli_server.py:212]: CLI server started v1.1.3
2025-11-21 13:07:21,265 [INFO] [MainThread] [cli_server/cli_server.py:104]: Log pipe server started
2025-11-21 13:07:21,444 [DEBUG] [MainThread] [tzlocal/win32.py:55]: Looking up time zone info from registry
2025-11-21 13:07:22,598 [DEBUG] [MainThread] [comtypes/__init__.py:149]: CoInitializeEx(None, 2)
2025-11-21 13:07:23,140 [INFO] [MainThread] [core.utils.widgets.taskbar.window_manager/window_manager.py:191]: TaskbarWindowManager is starting...
2025-11-21 13:07:23,143 [INFO] [MainThread] [root/bar_manager.py:85]: Starting WindowsNotificationEventListener...
2025-11-21 13:07:23,145 [INFO] [MainThread] [root/watcher.py:54]: Created file watcher for path C:\Users\fabri\.config\yasb
2025-11-21 13:07:23,184 [INFO] [MainThread] [root/update_service.py:321]: Background update checker started
2025-11-21 13:07:23,184 [DEBUG] [MainThread] [qasync._windows._EventPoller/_windows.py:215]: Starting (proactor: <_IocpProactor overlapped#=0 result#=0>)...
2025-11-21 13:07:23,185 [DEBUG] [Dummy-5] [qasync._windows._EventWorker/_windows.py:195]: Thread started
2025-11-21 13:07:23,292 [DEBUG] [MainThread] [systray_widget/systray.py:549]: Loading state from C:\Users\fabri\AppData\Local\YASB\systray_state_DELLINCDELLP2723QE9J3LM54.json
2025-11-21 13:07:23,294 [DEBUG] [TaskbarService] [systray_widget/systray.py:72]: TaskbarService thread is starting...
2025-11-21 13:07:23,294 [DEBUG] [TrayMonitor] [systray_widget/systray.py:58]: Systray thread is starting...
2025-11-21 13:07:23,325 [DEBUG] [TaskbarService] [root/tasks_service.py:75]: Found yasb systray hwnd: 3934298
2025-11-21 13:07:23,326 [DEBUG] [TaskbarService] [systray_widget/tasks_service.py:81]: Adding TaskbandHWND prop to hwnd 3934298
2025-11-21 13:07:23,342 [DEBUG] [MainThread] [systray_widget/systray.py:298]: Systray thread started
2025-11-21 13:07:23,397 [DEBUG] [TrayMonitor] [systray_widget/tray_monitor.py:228]: Finding real tray hwnd
2025-11-21 13:07:23,413 [INFO] [MainThread] [root/api.py:69]: Fetching new weather data at 2025-11-21 13:07:23.413754
2025-11-21 13:07:23,544 [DEBUG] [TaskbarService] [systray_widget/tasks_service.py:81]: Adding TaskbandHWND prop to hwnd 3934298
2025-11-21 13:07:23,565 [DEBUG] [MainThread] [systray_widget/tray_monitor.py:154]: Sending TaskbarCreated message: 49255
2025-11-21 13:07:24,583 [DEBUG] [MainThread] [systray_widget/systray.py:487]: Re-sorting widgets
2025-11-21 13:07:24,583 [DEBUG] [MainThread] [systray_widget/systray.py:509]: Updating current state
2025-11-21 13:07:27,053 [DEBUG] [MainThread] [systray_widget/systray.py:487]: Re-sorting widgets
2025-11-21 13:07:27,053 [DEBUG] [MainThread] [systray_widget/systray.py:509]: Updating current state
2025-11-21 13:07:32,625 [DEBUG] [MainThread] [systray_widget/systray.py:487]: Re-sorting widgets
2025-11-21 13:07:32,626 [DEBUG] [MainThread] [systray_widget/systray.py:509]: Updating current state
2025-11-21 13:08:30,424 [INFO] [MainThread] [root/controller.py:15]: Reloading Application because of config change.
2025-11-21 13:08:30,532 [INFO] [MainThread] [cli_server/cli_server.py:112]: Log pipe server stopped
2025-11-21 13:08:30,532 [DEBUG] [MainThread] [cli_server/cli_server.py:206]: CLI server stopped
2025-11-21 13:08:30,544 [INFO] [MainThread] [root/bar_manager.py:76]: Successfully loaded updated config and re-initialised all bars.
2025-11-21 13:08:30,584 [INFO] [MainThread] [root/bar_manager.py:92]: Stopping WindowsNotificationEventListener...
2025-11-21 13:08:30,585 [INFO] [MainThread] [core.utils.widgets.taskbar.window_manager/window_manager.py:218]: TaskbarWindowManager stopped
2025-11-21 13:08:30,587 [DEBUG] [MainThread] [systray_widget/systray.py:509]: Updating current state
2025-11-21 13:08:30,587 [DEBUG] [MainThread] [systray_widget/systray.py:527]: Saving state to disk
2025-11-21 13:08:30,588 [DEBUG] [MainThread] [systray_widget/systray.py:531]: Saving state to C:\Users\fabri\AppData\Local\YASB\systray_state_DELLINCDELLP2723QE9J3LM54.json
2025-11-21 13:08:30,589 [DEBUG] [MainThread] [systray_widget/utils.py:96]: Destroying window 3934298
2025-11-21 13:08:30,589 [DEBUG] [MainThread] [systray_widget/utils.py:96]: Destroying window 2228946
2025-11-21 13:08:30,644 [DEBUG] [MainThread] [qasync._windows._EventPoller/_windows.py:220]: Stopping worker thread...
2025-11-21 13:08:30,657 [DEBUG] [Dummy-5] [qasync._windows._EventWorker/_windows.py:204]: Exiting thread
2025-11-21 13:08:30,663 [DEBUG] [MainThread] [qasync._windows._IocpProactor/_windows.py:78]: Closing
2025-11-21 13:08:30,695 [DEBUG] [MainThread] [systray_widget/utils.py:96]: Destroying window 2228946
2025-11-21 13:08:30,695 [DEBUG] [MainThread] [systray_widget/utils.py:96]: Destroying window 3934298
2025-11-21 13:08:30,885 [INFO] [MainThread] [root/log.py:59]: YASB v1.8.4
2025-11-21 13:08:30,887 [INFO] [Thread-1 (_run_server)] [cli_server/cli_server.py:212]: CLI server started v1.1.3
2025-11-21 13:08:30,887 [INFO] [MainThread] [cli_server/cli_server.py:104]: Log pipe server started
2025-11-21 13:08:31,110 [DEBUG] [MainThread] [tzlocal/win32.py:55]: Looking up time zone info from registry
2025-11-21 13:08:32,176 [DEBUG] [MainThread] [comtypes/__init__.py:149]: CoInitializeEx(None, 2)
2025-11-21 13:08:32,706 [INFO] [MainThread] [core.utils.widgets.taskbar.window_manager/window_manager.py:191]: TaskbarWindowManager is starting...
2025-11-21 13:08:32,722 [INFO] [MainThread] [root/bar_manager.py:85]: Starting WindowsNotificationEventListener...
2025-11-21 13:08:32,723 [INFO] [MainThread] [root/watcher.py:54]: Created file watcher for path C:\Users\fabri\.config\yasb
2025-11-21 13:08:32,763 [INFO] [MainThread] [root/update_service.py:321]: Background update checker started
2025-11-21 13:08:32,763 [DEBUG] [MainThread] [qasync._windows._EventPoller/_windows.py:215]: Starting (proactor: <_IocpProactor overlapped#=0 result#=0>)...
2025-11-21 13:08:32,764 [DEBUG] [Dummy-5] [qasync._windows._EventWorker/_windows.py:195]: Thread started
2025-11-21 13:08:32,880 [DEBUG] [MainThread] [systray_widget/systray.py:549]: Loading state from C:\Users\fabri\AppData\Local\YASB\systray_state_DELLINCDELLP2723QE9J3LM54.json
2025-11-21 13:08:32,901 [DEBUG] [TaskbarService] [systray_widget/systray.py:72]: TaskbarService thread is starting...
2025-11-21 13:08:32,902 [DEBUG] [TrayMonitor] [systray_widget/systray.py:58]: Systray thread is starting...
2025-11-21 13:08:32,912 [DEBUG] [TaskbarService] [root/tasks_service.py:75]: Found yasb systray hwnd: 2623828
2025-11-21 13:08:32,912 [DEBUG] [TaskbarService] [systray_widget/tasks_service.py:81]: Adding TaskbandHWND prop to hwnd 2623828
2025-11-21 13:08:32,933 [DEBUG] [MainThread] [systray_widget/systray.py:298]: Systray thread started
2025-11-21 13:08:32,996 [INFO] [MainThread] [root/api.py:69]: Fetching new weather data at 2025-11-21 13:08:32.996334
2025-11-21 13:08:33,135 [DEBUG] [TaskbarService] [systray_widget/tasks_service.py:81]: Adding TaskbandHWND prop to hwnd 2623828
2025-11-21 13:08:33,136 [DEBUG] [TrayMonitor] [systray_widget/tray_monitor.py:228]: Finding real tray hwnd
2025-11-21 13:08:33,159 [DEBUG] [MainThread] [systray_widget/tray_monitor.py:154]: Sending TaskbarCreated message: 49255
2025-11-21 13:08:34,202 [DEBUG] [MainThread] [systray_widget/systray.py:487]: Re-sorting widgets
2025-11-21 13:08:34,202 [DEBUG] [MainThread] [systray_widget/systray.py:509]: Updating current state
2025-11-21 13:08:36,123 [DEBUG] [MainThread] [systray_widget/systray.py:487]: Re-sorting widgets
2025-11-21 13:08:36,123 [DEBUG] [MainThread] [systray_widget/systray.py:509]: Updating current state
2025-11-21 13:08:42,219 [DEBUG] [MainThread] [systray_widget/systray.py:487]: Re-sorting widgets
2025-11-21 13:08:42,219 [DEBUG] [MainThread] [systray_widget/systray.py:509]: Updating current state
2025-11-21 13:08:52,581 [INFO] [MainThread] [root/controller.py:15]: Reloading Application because of config change.
2025-11-21 13:08:52,697 [INFO] [MainThread] [cli_server/cli_server.py:112]: Log pipe server stopped
2025-11-21 13:08:52,697 [DEBUG] [MainThread] [cli_server/cli_server.py:206]: CLI server stopped
2025-11-21 13:08:52,708 [INFO] [MainThread] [root/bar_manager.py:76]: Successfully loaded updated config and re-initialised all bars.
2025-11-21 13:08:52,802 [INFO] [MainThread] [root/bar_manager.py:92]: Stopping WindowsNotificationEventListener...
2025-11-21 13:08:52,816 [INFO] [MainThread] [core.utils.widgets.taskbar.window_manager/window_manager.py:218]: TaskbarWindowManager stopped
2025-11-21 13:08:52,819 [DEBUG] [MainThread] [systray_widget/systray.py:509]: Updating current state
2025-11-21 13:08:52,819 [DEBUG] [MainThread] [systray_widget/systray.py:527]: Saving state to disk
2025-11-21 13:08:52,819 [DEBUG] [MainThread] [systray_widget/systray.py:531]: Saving state to C:\Users\fabri\AppData\Local\YASB\systray_state_DELLINCDELLP2723QE9J3LM54.json
2025-11-21 13:08:52,820 [DEBUG] [MainThread] [systray_widget/utils.py:96]: Destroying window 2623828
2025-11-21 13:08:52,820 [DEBUG] [MainThread] [systray_widget/utils.py:96]: Destroying window 2557882
2025-11-21 13:08:52,852 [DEBUG] [MainThread] [qasync._windows._EventPoller/_windows.py:220]: Stopping worker thread...
2025-11-21 13:08:52,855 [DEBUG] [Dummy-5] [qasync._windows._EventWorker/_windows.py:204]: Exiting thread
2025-11-21 13:08:52,858 [DEBUG] [MainThread] [qasync._windows._IocpProactor/_windows.py:78]: Closing
2025-11-21 13:08:52,878 [DEBUG] [MainThread] [systray_widget/utils.py:96]: Destroying window 2557882
2025-11-21 13:08:52,878 [DEBUG] [MainThread] [systray_widget/utils.py:96]: Destroying window 2623828
2025-11-21 13:08:53,025 [INFO] [MainThread] [root/log.py:59]: YASB v1.8.4
2025-11-21 13:08:53,026 [INFO] [Thread-1 (_run_server)] [cli_server/cli_server.py:212]: CLI server started v1.1.3
2025-11-21 13:08:53,026 [INFO] [MainThread] [cli_server/cli_server.py:104]: Log pipe server started
2025-11-21 13:08:53,234 [DEBUG] [MainThread] [tzlocal/win32.py:55]: Looking up time zone info from registry
2025-11-21 13:08:54,320 [DEBUG] [MainThread] [comtypes/__init__.py:149]: CoInitializeEx(None, 2)
2025-11-21 13:08:54,918 [INFO] [MainThread] [core.utils.widgets.taskbar.window_manager/window_manager.py:191]: TaskbarWindowManager is starting...
2025-11-21 13:08:54,922 [INFO] [MainThread] [root/bar_manager.py:85]: Starting WindowsNotificationEventListener...
2025-11-21 13:08:54,923 [INFO] [MainThread] [root/watcher.py:54]: Created file watcher for path C:\Users\fabri\.config\yasb
2025-11-21 13:08:54,963 [INFO] [MainThread] [root/update_service.py:321]: Background update checker started
2025-11-21 13:08:54,964 [DEBUG] [MainThread] [qasync._windows._EventPoller/_windows.py:215]: Starting (proactor: <_IocpProactor overlapped#=0 result#=0>)...
2025-11-21 13:08:54,965 [DEBUG] [Dummy-5] [qasync._windows._EventWorker/_windows.py:195]: Thread started
2025-11-21 13:08:55,078 [DEBUG] [MainThread] [systray_widget/systray.py:549]: Loading state from C:\Users\fabri\AppData\Local\YASB\systray_state_DELLINCDELLP2723QE9J3LM54.json
2025-11-21 13:08:55,081 [DEBUG] [TaskbarService] [systray_widget/systray.py:72]: TaskbarService thread is starting...
2025-11-21 13:08:55,081 [DEBUG] [TrayMonitor] [systray_widget/systray.py:58]: Systray thread is starting...
2025-11-21 13:08:55,115 [DEBUG] [TaskbarService] [root/tasks_service.py:75]: Found yasb systray hwnd: 2689364
2025-11-21 13:08:55,115 [DEBUG] [TaskbarService] [systray_widget/tasks_service.py:81]: Adding TaskbandHWND prop to hwnd 2689364
2025-11-21 13:08:55,131 [DEBUG] [MainThread] [systray_widget/systray.py:298]: Systray thread started
2025-11-21 13:08:55,202 [INFO] [MainThread] [root/api.py:69]: Fetching new weather data at 2025-11-21 13:08:55.202250
2025-11-21 13:08:55,333 [DEBUG] [TaskbarService] [systray_widget/tasks_service.py:81]: Adding TaskbandHWND prop to hwnd 2689364
2025-11-21 13:08:55,336 [DEBUG] [TrayMonitor] [systray_widget/tray_monitor.py:228]: Finding real tray hwnd
2025-11-21 13:08:55,356 [DEBUG] [MainThread] [systray_widget/tray_monitor.py:154]: Sending TaskbarCreated message: 49255
2025-11-21 13:08:57,007 [DEBUG] [MainThread] [systray_widget/systray.py:487]: Re-sorting widgets
2025-11-21 13:08:57,008 [DEBUG] [MainThread] [systray_widget/systray.py:509]: Updating current state
2025-11-21 13:09:04,423 [DEBUG] [MainThread] [systray_widget/systray.py:487]: Re-sorting widgets
2025-11-21 13:09:04,424 [DEBUG] [MainThread] [systray_widget/systray.py:509]: Updating current state
2025-11-21 13:18:54,770 [INFO] [MainThread] [root/api.py:69]: Fetching new weather data at 2025-11-21 13:18:54.770551
2025-11-21 13:20:12,698 [INFO] [MainThread] [root/bar_manager.py:92]: Stopping WindowsNotificationEventListener...
2025-11-21 13:20:12,699 [INFO] [MainThread] [core.utils.widgets.taskbar.window_manager/window_manager.py:218]: TaskbarWindowManager stopped
2025-11-21 13:20:12,701 [DEBUG] [MainThread] [systray_widget/systray.py:509]: Updating current state
2025-11-21 13:20:12,701 [DEBUG] [MainThread] [systray_widget/systray.py:527]: Saving state to disk
2025-11-21 13:20:12,702 [DEBUG] [MainThread] [systray_widget/systray.py:531]: Saving state to C:\Users\fabri\AppData\Local\YASB\systray_state_DELLINCDELLP2723QE9J3LM54.json
2025-11-21 13:20:12,703 [DEBUG] [MainThread] [systray_widget/utils.py:96]: Destroying window 2689364
2025-11-21 13:20:12,705 [DEBUG] [MainThread] [systray_widget/utils.py:96]: Destroying window 2623418
2025-11-21 13:23:48,663 [INFO] [MainThread] [root/log.py:59]: YASB v1.8.4
2025-11-21 13:23:48,664 [INFO] [Thread-1 (_run_server)] [cli_server/cli_server.py:212]: CLI server started v1.1.3
2025-11-21 13:23:48,664 [INFO] [MainThread] [cli_server/cli_server.py:104]: Log pipe server started
2025-11-21 13:23:52,495 [DEBUG] [MainThread] [tzlocal/win32.py:55]: Looking up time zone info from registry
2025-11-21 13:23:53,837 [DEBUG] [MainThread] [comtypes/__init__.py:149]: CoInitializeEx(None, 2)
2025-11-21 13:23:55,047 [INFO] [MainThread] [core.utils.widgets.taskbar.window_manager/window_manager.py:191]: TaskbarWindowManager is starting...
2025-11-21 13:23:55,050 [INFO] [MainThread] [root/bar_manager.py:85]: Starting WindowsNotificationEventListener...
2025-11-21 13:23:55,051 [INFO] [MainThread] [root/watcher.py:54]: Created file watcher for path C:\Users\fabri\.config\yasb
2025-11-21 13:23:55,104 [INFO] [MainThread] [root/update_service.py:321]: Background update checker started
2025-11-21 13:23:55,104 [DEBUG] [MainThread] [qasync._windows._EventPoller/_windows.py:215]: Starting (proactor: <_IocpProactor overlapped#=0 result#=0>)...
2025-11-21 13:23:55,105 [DEBUG] [Dummy-5] [qasync._windows._EventWorker/_windows.py:195]: Thread started
2025-11-21 13:23:58,051 [DEBUG] [MainThread] [systray_widget/systray.py:549]: Loading state from C:\Users\fabri\AppData\Local\YASB\systray_state_DELLINCDELLP2723QE9J3LM54.json
2025-11-21 13:23:58,073 [DEBUG] [TaskbarService] [systray_widget/systray.py:72]: TaskbarService thread is starting...
2025-11-21 13:23:58,073 [DEBUG] [TrayMonitor] [systray_widget/systray.py:58]: Systray thread is starting...
2025-11-21 13:23:58,115 [DEBUG] [TaskbarService] [root/tasks_service.py:75]: Found yasb systray hwnd: 67442
2025-11-21 13:23:58,115 [DEBUG] [TaskbarService] [systray_widget/tasks_service.py:81]: Adding TaskbandHWND prop to hwnd 67442
2025-11-21 13:23:58,148 [DEBUG] [MainThread] [systray_widget/systray.py:298]: Systray thread started
2025-11-21 13:23:58,352 [INFO] [MainThread] [root/api.py:69]: Fetching new weather data at 2025-11-21 13:23:58.352301
2025-11-21 13:23:58,361 [DEBUG] [TaskbarService] [systray_widget/tasks_service.py:81]: Adding TaskbandHWND prop to hwnd 67442
2025-11-21 13:23:58,361 [DEBUG] [TrayMonitor] [systray_widget/tray_monitor.py:228]: Finding real tray hwnd
2025-11-21 13:23:58,388 [DEBUG] [MainThread] [systray_widget/tray_monitor.py:154]: Sending TaskbarCreated message: 49254
2025-11-21 13:23:59,392 [DEBUG] [MainThread] [systray_widget/systray.py:487]: Re-sorting widgets
2025-11-21 13:23:59,392 [DEBUG] [MainThread] [systray_widget/systray.py:509]: Updating current state
2025-11-21 13:24:07,464 [DEBUG] [MainThread] [systray_widget/systray.py:487]: Re-sorting widgets
2025-11-21 13:24:07,464 [DEBUG] [MainThread] [systray_widget/systray.py:509]: Updating current state
2025-11-21 13:25:06,638 [DEBUG] [MainThread] [systray_widget/systray.py:487]: Re-sorting widgets
2025-11-21 13:25:06,638 [DEBUG] [MainThread] [systray_widget/systray.py:509]: Updating current state
2025-11-21 13:32:59,168 [DEBUG] [TrayMonitor] [systray_widget/tray_monitor.py:228]: Finding real tray hwnd
2025-11-21 13:33:01,128 [DEBUG] [TaskbarService] [systray_widget/tasks_service.py:81]: Adding TaskbandHWND prop to hwnd 67442
2025-11-21 13:33:02,311 [DEBUG] [MainThread] [systray_widget/systray.py:487]: Re-sorting widgets
2025-11-21 13:33:02,311 [DEBUG] [MainThread] [systray_widget/systray.py:509]: Updating current state
2025-11-21 13:33:53,982 [INFO] [MainThread] [root/api.py:69]: Fetching new weather data at 2025-11-21 13:33:53.981884
2025-11-21 13:35:10,610 [DEBUG] [MainThread] [systray_widget/systray.py:487]: Re-sorting widgets
2025-11-21 13:35:10,611 [DEBUG] [MainThread] [systray_widget/systray.py:509]: Updating current state
2025-11-21 13:43:53,994 [INFO] [MainThread] [root/api.py:69]: Fetching new weather data at 2025-11-21 13:43:53.994632
2025-11-21 13:53:53,977 [INFO] [MainThread] [root/api.py:69]: Fetching new weather data at 2025-11-21 13:53:53.977785
2025-11-21 14:03:53,979 [INFO] [MainThread] [root/api.py:69]: Fetching new weather data at 2025-11-21 14:03:53.979395
2025-11-21 15:39:25,195 [INFO] [MainThread] [root/api.py:69]: Fetching new weather data at 2025-11-21 15:39:25.195226
2025-11-21 15:43:18,295 [DEBUG] [MainThread] [systray_widget/systray.py:487]: Re-sorting widgets
2025-11-21 15:43:18,295 [DEBUG] [MainThread] [systray_widget/systray.py:509]: Updating current state
2025-11-21 15:44:48,806 [DEBUG] [MainThread] [systray_widget/systray.py:487]: Re-sorting widgets
2025-11-21 15:44:48,806 [DEBUG] [MainThread] [systray_widget/systray.py:509]: Updating current state
2025-11-21 15:49:25,498 [INFO] [MainThread] [root/api.py:69]: Fetching new weather data at 2025-11-21 15:49:25.498254
2025-11-21 15:54:41,760 [DEBUG] [MainThread] [systray_widget/systray.py:487]: Re-sorting widgets
2025-11-21 15:54:41,760 [DEBUG] [MainThread] [systray_widget/systray.py:509]: Updating current state
2025-11-21 15:59:26,231 [INFO] [MainThread] [root/api.py:69]: Fetching new weather data at 2025-11-21 15:59:26.231375
2025-11-21 16:09:26,242 [INFO] [MainThread] [root/api.py:69]: Fetching new weather data at 2025-11-21 16:09:26.242651
2025-11-21 16:19:25,288 [INFO] [MainThread] [root/api.py:69]: Fetching new weather data at 2025-11-21 16:19:25.288057
2025-11-21 16:29:47,429 [INFO] [MainThread] [root/api.py:69]: Fetching new weather data at 2025-11-21 16:29:47.429828
2025-11-21 16:39:47,425 [INFO] [MainThread] [root/api.py:69]: Fetching new weather data at 2025-11-21 16:39:47.425835
2025-11-21 16:49:47,469 [INFO] [MainThread] [root/api.py:69]: Fetching new weather data at 2025-11-21 16:49:47.469443
2025-11-21 16:59:47,419 [INFO] [MainThread] [root/api.py:69]: Fetching new weather data at 2025-11-21 16:59:47.419652
